level,groupName,intentCluster,actionType,suggestedDelta,roas,cost,intentConfidence,sourceIntent,rationale,evidenceTopK,currencyCode,dateStart,dateEnd
Portfolio,,Mixed,Reallocate Budget,0.0,3.403,1649.58,,Aggregate,"Move $1,650 from 5 low-ROAS groups to 3 high-ROAS groups (expected lift â‰ˆ $4,446).",From: US_PerformanceMax_TotalCoverage_MaxConvtCPA / Feed Only - Interests / 6482133486~11290280147 (-$835) ; US_PerformanceMax_TotalCoverage_MaxConvtCPA / Feed - Assets - Interests / 6507837599~11798192132 (-$592) ; US_PerformanceMax_TotalCoverage_MaxConvtCPA / Feed - Assets - Interests (BREEZE25) / 6611115612~12974057156 (-$100) ; CA_PerformanceMax_TotalCoverage_MaxConvValue / Feed - Assets - Interests (BREEZE25) / 6611115579~12964607328 (-$63) ; CA_PerformanceMax_TotalCoverage_MaxConvValue / Feed Only - Interests / 6561576731~12413810730 (-$59) | To: US_PerformanceMax_ExcludeAllBrands_MaxConvtCPA / Feed - Assets - Interests (BREEZE25) / 6611163976~12964607331 (+$550) ; US_PerformanceMax_ExcludeAllBrands_MaxConvtCPA / Feed Only - Interests / 6506889828~11796932872 (+$550) ; US_PerformanceMax_ExcludeAllBrands_MaxConvtCPA / Feed Only - No Interests / 6506892143~11796932869 (+$550),CAD,2025-07-02,2025-09-29
Group,US_PerformanceMax_ExcludeAllBrands_MaxConvtCPA / Feed - Assets - Interests / 6507862840~11806724758,Comparison,Split/Refactor,0.0,2.42,7828.82,0.345,CAMP_TERM_INSIGHTS,"Evidence suggests Unclassified intent; test a dedicated Unclassified asset group + creatives. Momentum: ROAS -54% WoW, Cost -19%. Journey: Consideration.",cooling mattress topper | best cooling mattress topper | sleep snug reviews | sleep number cooling mattress topper | dormeo topper,CAD,2025-07-02,2025-09-29
Group,US_PerformanceMax_ExcludeAllBrands_MaxConvtCPA / Feed Only - Interests / 6506889828~11796932872,Comparison,Split/Refactor,0.0,3.209,7771.37,0.355,CAMP_TERM_INSIGHTS,"Evidence suggests Unclassified intent; test a dedicated Unclassified asset group + creatives. Momentum: ROAS -42% WoW, Cost -7%. Journey: Consideration.",cooling mattress topper | best cooling mattress topper | sleep snug reviews | sleep number cooling mattress topper | dormeo topper,CAD,2025-07-02,2025-09-29
Group,US_PerformanceMax_ExcludeAllBrands_MaxConvtCPA / Feed Only - No Interests / 6506892143~11796932869,Comparison,Split/Refactor,0.0,2.927,7337.64,0.355,CAMP_TERM_INSIGHTS,"Evidence suggests Unclassified intent; test a dedicated Unclassified asset group + creatives. Momentum: ROAS -40% WoW, Cost -11%. Journey: Consideration.",cooling mattress topper | best cooling mattress topper | sleep snug reviews | sleep number cooling mattress topper | dormeo topper,CAD,2025-07-02,2025-09-29
Group,US_PerformanceMax_ExcludeAllBrands_MaxConvtCPA / Feed - Assets - Interests (BREEZE25) / 6611163976~12964607331,Comparison,Split/Refactor,0.0,4.072,421.0,0.245,CAMP_TERM_INSIGHTS,"Evidence suggests Unclassified intent; test a dedicated Unclassified asset group + creatives. Momentum: ROAS +100% WoW, Cost +100%. Journey: Consideration.",cooling mattress topper | best cooling mattress topper | sleep snug reviews | tempur pedic active breeze review | sleep number cooling mattress topper,CAD,2025-07-02,2025-09-29
Group,US_PerformanceMax_TotalCoverage_MaxConvtCPA / Feed - Assets - Interests (BREEZE25) / 6611115612~12974057156,Comparison,Split/Refactor,0.0,0.0,176.78,0.372,CAMP_TERM_INSIGHTS,"Evidence suggests Comparison intent; test a dedicated Comparison asset group + creatives. Momentum: ROAS +0% WoW, Cost +100%. Journey: Consideration.",perfectly snug smart topper | cooling mattress topper | perfectly snug reviews | perfectly snug mattress topper | massage mattress topper,CAD,2025-07-02,2025-09-29
Group,US_PerformanceMax_TotalCoverage_MaxConvtCPA / Feed Only - Interests / 6482133486~11290280147,Comparison,Increase,0.15,1.95,8352.55,0.474,CAMP_TERM_INSIGHTS,"High ROAS with strong intent signal. Data-driven delta applied. Competitive threat detected (17%). Momentum: ROAS -29% WoW, Cost -24%. Journey: Consideration.",perfectly snug smart topper | cooling mattress topper | perfectly snug reviews | perfectly snug mattress topper | massage mattress topper,CAD,2025-07-02,2025-09-29
Group,US_PerformanceMax_TotalCoverage_MaxConvtCPA / Feed - Assets - Interests / 6507837599~11798192132,Comparison,Increase,0.15,1.587,5923.23,0.468,CAMP_TERM_INSIGHTS,"High ROAS with strong intent signal. Data-driven delta applied. Competitive threat detected (17%). Momentum: ROAS -31% WoW, Cost -49%. Journey: Consideration.",perfectly snug smart topper | cooling mattress topper | perfectly snug reviews | perfectly snug mattress topper | massage mattress topper,CAD,2025-07-02,2025-09-29
Group,US_PerformanceMax_TotalCoverage_MaxConvtCPA / Feed Only / 6477743034~11194181073,Comparison,Increase,0.15,2.701,5083.11,0.47,CAMP_TERM_INSIGHTS,"High ROAS with strong intent signal. Data-driven delta applied. Competitive threat detected (17%). Momentum: ROAS +32% WoW, Cost -56%. Journey: Consideration.",perfectly snug smart topper | cooling mattress topper | perfectly snug reviews | perfectly snug mattress topper | massage mattress topper,CAD,2025-07-02,2025-09-29
Group,US_PerformanceMax_TotalCoverage_MaxConvtCPA / Feed Only - Interests / (creative),Mixed,Pause Fatigued Asset,0.0,3.956,1497.03,,CREATIVE,"Fatigued asset: CTR -20%, CVR -38% vs prev window. Label=UNKNOWN.",Cooling Mattress Topper,CAD,2025-07-02,2025-09-29
Group,US_PerformanceMax_TotalCoverage_MaxConvtCPA / Feed Only - Interests / (creative),Mixed,Refresh Creative,0.0,3.956,1497.03,,CREATIVE,"Fatigued asset: CTR -20%, CVR -38% vs prev window. Label=UNKNOWN. High volume; prioritize refresh.",Cooling Mattress Topper,CAD,2025-07-02,2025-09-29
Group,US_PerformanceMax_TotalCoverage_MaxConvtCPA / Feed Only / (creative),Mixed,Pause Fatigued Asset,0.0,0.0,307.48,,CREATIVE,"Fatigued asset: CTR -29%, CVR -100% vs prev window. Label=UNKNOWN.",Temper night sweats with gentle airflow to aid in keeping you cool and dry,CAD,2025-07-02,2025-09-29
Group,US_PerformanceMax_TotalCoverage_MaxConvtCPA / Feed Only / (creative),Mixed,Refresh Creative,0.0,0.0,307.48,,CREATIVE,"Fatigued asset: CTR -29%, CVR -100% vs prev window. Label=UNKNOWN. High volume; prioritize refresh.",Temper night sweats with gentle airflow to aid in keeping you cool and dry,CAD,2025-07-02,2025-09-29
Group,CA_PerformanceMax_TotalCoverage_MaxConvValue / Feed Only / (creative),Mixed,Pause Fatigued Asset,0.0,0.0,155.8,,CREATIVE,"Fatigued asset: CTR -71%, CVR -100% vs prev window. Label=UNKNOWN.",Temper night sweats with gentle airflow to aid in keeping you cool and dry,CAD,2025-07-02,2025-09-29
Group,CA_PerformanceMax_TotalCoverage_MaxConvValue / Feed Only / (creative),Mixed,Refresh Creative,0.0,0.0,155.8,,CREATIVE,"Fatigued asset: CTR -71%, CVR -100% vs prev window. Label=UNKNOWN. High volume; prioritize refresh.",Temper night sweats with gentle airflow to aid in keeping you cool and dry,CAD,2025-07-02,2025-09-29
Group,US_PerformanceMax_TotalCoverage_MaxConvtCPA / Feed - Assets - Interests (BREEZE25) / (creative),Mixed,Pause Fatigued Asset,0.0,0.0,22.0,,CREATIVE,"Fatigued asset: CTR +100%, CVR +0% vs prev window. Label=LOW.",,CAD,2025-07-02,2025-09-29
Group,US_PerformanceMax_ExcludeAllBrands_MaxConvtCPA / Feed - Assets - Interests (BREEZE25) / (creative),Mixed,Pause Fatigued Asset,0.0,0.0,4.46,,CREATIVE,"Fatigued asset: CTR +100%, CVR +0% vs prev window. Label=LOW.",,CAD,2025-07-02,2025-09-29
Group,US_PerformanceMax_TotalCoverage_MaxConvtCPA / Feed - Assets - Interests / (creative),Mixed,Pause Fatigued Asset,0.0,0.0,26.89,,CREATIVE,"Fatigued asset: CTR +45%, CVR +0% vs prev window. Label=LOW.",,CAD,2025-07-02,2025-09-29
Group,US_PerformanceMax_TotalCoverage_MaxConvtCPA / Feed - Assets - Interests / (creative),Mixed,Pause Fatigued Asset,0.0,3.333,13594.92,,CREATIVE,"Fatigued asset: CTR -22%, CVR -42% vs prev window. Label=UNKNOWN.",Perfectly Snug,CAD,2025-07-02,2025-09-29
Group,US_PerformanceMax_TotalCoverage_MaxConvtCPA / Feed - Assets - Interests / (creative),Mixed,Refresh Creative,0.0,3.333,13594.92,,CREATIVE,"Fatigued asset: CTR -22%, CVR -42% vs prev window. Label=UNKNOWN. High volume; prioritize refresh.",Perfectly Snug,CAD,2025-07-02,2025-09-29
Group,CA_PerformanceMax_TotalCoverage_MaxConvValue / Feed - Assets - Interests / (creative),Mixed,Pause Fatigued Asset,0.0,4.163,10849.46,,CREATIVE,"Fatigued asset: CTR -31%, CVR -63% vs prev window. Label=UNKNOWN.",Perfectly Snug,CAD,2025-07-02,2025-09-29
Group,CA_PerformanceMax_TotalCoverage_MaxConvValue / Feed - Assets - Interests / (creative),Mixed,Refresh Creative,0.0,4.163,10849.46,,CREATIVE,"Fatigued asset: CTR -31%, CVR -63% vs prev window. Label=UNKNOWN. High volume; prioritize refresh.",Perfectly Snug,CAD,2025-07-02,2025-09-29
Group,US_PerformanceMax_ExcludeAllBrands_MaxConvtCPA / Feed - Assets - Interests / (creative),Mixed,Pause Fatigued Asset,0.0,2.379,1518.16,,CREATIVE,"Fatigued asset: CTR -6%, CVR -64% vs prev window. Label=LOW.",Best Cooling Mattress Topper,CAD,2025-07-02,2025-09-29
Group,US_PerformanceMax_ExcludeAllBrands_MaxConvtCPA / Feed - Assets - Interests / (creative),Mixed,Refresh Creative,0.0,2.379,1518.16,,CREATIVE,"Fatigued asset: CTR -6%, CVR -64% vs prev window. Label=LOW. High volume; prioritize refresh.",Best Cooling Mattress Topper,CAD,2025-07-02,2025-09-29
Group,US_PerformanceMax_TotalCoverage_MaxConvtCPA / Feed - Assets - Interests / (creative),Mixed,Pause Fatigued Asset,0.0,0.742,4279.76,,CREATIVE,"Fatigued asset: CTR -71%, CVR +100% vs prev window. Label=LOW.",Better Sleep. Better Life.,CAD,2025-07-02,2025-09-29
Group,US_PerformanceMax_TotalCoverage_MaxConvtCPA / Feed - Assets - Interests / (creative),Mixed,Refresh Creative,0.0,0.742,4279.76,,CREATIVE,"Fatigued asset: CTR -71%, CVR +100% vs prev window. Label=LOW. High volume; prioritize refresh.",Better Sleep. Better Life.,CAD,2025-07-02,2025-09-29
Group,US_PerformanceMax_ExcludeAllBrands_MaxConvtCPA / Feed - Assets - Interests / (creative),Mixed,Pause Fatigued Asset,0.0,1.145,2270.12,,CREATIVE,"Fatigued asset: CTR -50%, CVR -96% vs prev window. Label=LOW.",Better Sleep. Better Life.,CAD,2025-07-02,2025-09-29
Group,US_PerformanceMax_ExcludeAllBrands_MaxConvtCPA / Feed - Assets - Interests / (creative),Mixed,Refresh Creative,0.0,1.145,2270.12,,CREATIVE,"Fatigued asset: CTR -50%, CVR -96% vs prev window. Label=LOW. High volume; prioritize refresh.",Better Sleep. Better Life.,CAD,2025-07-02,2025-09-29
Group,CA_PerformanceMax_TotalCoverage_MaxConvValue / Feed - Assets - Interests / (creative),Mixed,Pause Fatigued Asset,0.0,2.818,1504.51,,CREATIVE,"Fatigued asset: CTR -1%, CVR +100% vs prev window. Label=LOW.",Better Sleep. Better Life.,CAD,2025-07-02,2025-09-29
Group,CA_PerformanceMax_TotalCoverage_MaxConvValue / Feed - Assets - Interests / (creative),Mixed,Refresh Creative,0.0,2.818,1504.51,,CREATIVE,"Fatigued asset: CTR -1%, CVR +100% vs prev window. Label=LOW. High volume; prioritize refresh.",Better Sleep. Better Life.,CAD,2025-07-02,2025-09-29
Group,US_PerformanceMax_TotalCoverage_MaxConvtCPA / Feed - Assets - Interests (BREEZE25) / (creative),Mixed,Pause Fatigued Asset,0.0,0.0,110.22,,CREATIVE,"Fatigued asset: CTR +100%, CVR +0% vs prev window. Label=LOW.",Better Sleep. Better Life.,CAD,2025-07-02,2025-09-29
Group,US_PerformanceMax_TotalCoverage_MaxConvtCPA / Feed - Assets - Interests (BREEZE25) / (creative),Mixed,Refresh Creative,0.0,0.0,110.22,,CREATIVE,"Fatigued asset: CTR +100%, CVR +0% vs prev window. Label=LOW. High volume; prioritize refresh.",Better Sleep. Better Life.,CAD,2025-07-02,2025-09-29
Group,US_PerformanceMax_ExcludeAllBrands_MaxConvtCPA / Feed - Assets - Interests (BREEZE25) / (creative),Mixed,Pause Fatigued Asset,0.0,0.0,13.76,,CREATIVE,"Fatigued asset: CTR +100%, CVR +0% vs prev window. Label=LOW.",Better Sleep. Better Life.,CAD,2025-07-02,2025-09-29
Group,US_PerformanceMax_TotalCoverage_MaxConvtCPA / Feed - Assets - Interests / (creative),Mixed,Pause Fatigued Asset,0.0,1.663,4561.84,,CREATIVE,"Fatigued asset: CTR -19%, CVR -70% vs prev window. Label=LOW.",The World's First Smart Topper,CAD,2025-07-02,2025-09-29
Group,US_PerformanceMax_TotalCoverage_MaxConvtCPA / Feed - Assets - Interests / (creative),Mixed,Refresh Creative,0.0,1.663,4561.84,,CREATIVE,"Fatigued asset: CTR -19%, CVR -70% vs prev window. Label=LOW. High volume; prioritize refresh.",The World's First Smart Topper,CAD,2025-07-02,2025-09-29
Group,US_PerformanceMax_TotalCoverage_MaxConvtCPA / Feed - Assets - Interests (BREEZE25) / (creative),Mixed,Pause Fatigued Asset,0.0,0.0,20.68,,CREATIVE,"Fatigued asset: CTR +100%, CVR +0% vs prev window. Label=LOW.",The World's First Smart Topper,CAD,2025-07-02,2025-09-29
Group,US_PerformanceMax_TotalCoverage_MaxConvtCPA / Feed - Assets - Interests / (creative),Mixed,Pause Fatigued Asset,0.0,0.0,874.56,,CREATIVE,"Fatigued asset: CTR +70%, CVR -100% vs prev window. Label=LOW.",Read Our Customer Reviews,CAD,2025-07-02,2025-09-29
Group,US_PerformanceMax_ExcludeAllBrands_MaxConvtCPA / Feed - Assets - Interests / (creative),Mixed,Pause Fatigued Asset,0.0,0.0,178.14,,CREATIVE,"Fatigued asset: CTR +22%, CVR -100% vs prev window. Label=LOW.",Read Our Customer Reviews,CAD,2025-07-02,2025-09-29
Group,US_PerformanceMax_ExcludeAllBrands_MaxConvtCPA / Feed - Assets - Interests / (creative),Mixed,Refresh Creative,0.0,0.0,178.14,,CREATIVE,"Fatigued asset: CTR +22%, CVR -100% vs prev window. Label=LOW. High volume; prioritize refresh.",Read Our Customer Reviews,CAD,2025-07-02,2025-09-29
Group,CA_PerformanceMax_TotalCoverage_MaxConvValue / Feed - Assets - Interests / (creative),Mixed,Pause Fatigued Asset,0.0,9.359,800.45,,CREATIVE,"Fatigued asset: CTR +2%, CVR +100% vs prev window. Label=LOW.",Read Our Customer Reviews,CAD,2025-07-02,2025-09-29
Group,US_PerformanceMax_TotalCoverage_MaxConvtCPA / Feed - Assets - Interests / (creative),Mixed,Pause Fatigued Asset,0.0,0.448,2486.29,,CREATIVE,"Fatigued asset: CTR +13%, CVR -86% vs prev window. Label=LOW.",See Why They Rate Us 4.9/5,CAD,2025-07-02,2025-09-29
Group,US_PerformanceMax_TotalCoverage_MaxConvtCPA / Feed - Assets - Interests / (creative),Mixed,Refresh Creative,0.0,0.448,2486.29,,CREATIVE,"Fatigued asset: CTR +13%, CVR -86% vs prev window. Label=LOW. High volume; prioritize refresh.",See Why They Rate Us 4.9/5,CAD,2025-07-02,2025-09-29
Group,US_PerformanceMax_ExcludeAllBrands_MaxConvtCPA / Feed - Assets - Interests / (creative),Mixed,Pause Fatigued Asset,0.0,0.0,838.72,,CREATIVE,"Fatigued asset: CTR -16%, CVR -100% vs prev window. Label=LOW.",See Why They Rate Us 4.9/5,CAD,2025-07-02,2025-09-29
Group,US_PerformanceMax_ExcludeAllBrands_MaxConvtCPA / Feed - Assets - Interests / (creative),Mixed,Refresh Creative,0.0,0.0,838.72,,CREATIVE,"Fatigued asset: CTR -16%, CVR -100% vs prev window. Label=LOW. High volume; prioritize refresh.",See Why They Rate Us 4.9/5,CAD,2025-07-02,2025-09-29
Group,CA_PerformanceMax_TotalCoverage_MaxConvValue / Feed - Assets - Interests / (creative),Mixed,Pause Fatigued Asset,0.0,4.723,1576.83,,CREATIVE,"Fatigued asset: CTR -9%, CVR +337% vs prev window. Label=LOW.",See Why They Rate Us 4.9/5,CAD,2025-07-02,2025-09-29
Group,CA_PerformanceMax_TotalCoverage_MaxConvValue / Feed - Assets - Interests / (creative),Mixed,Refresh Creative,0.0,4.723,1576.83,,CREATIVE,"Fatigued asset: CTR -9%, CVR +337% vs prev window. Label=LOW. High volume; prioritize refresh.",See Why They Rate Us 4.9/5,CAD,2025-07-02,2025-09-29
Group,US_PerformanceMax_ExcludeAllBrands_MaxConvtCPA / Feed - Assets - Interests (BREEZE25) / (creative),Mixed,Pause Fatigued Asset,0.0,0.0,3.05,,CREATIVE,"Fatigued asset: CTR +100%, CVR +0% vs prev window. Label=LOW.",See Why They Rate Us 4.9/5,CAD,2025-07-02,2025-09-29
Group,US_PerformanceMax_ExcludeAllBrands_MaxConvtCPA / Feed Only - Interests / (creative),Mixed,Pause Fatigued Asset,0.0,3.932,784.98,,CREATIVE,"Fatigued asset: CTR -43%, CVR -23% vs prev window. Label=UNKNOWN.",Read our satisfied customer reviews. Join our family of well-rested customers. Shop today!,CAD,2025-07-02,2025-09-29
Group,US_PerformanceMax_ExcludeAllBrands_MaxConvtCPA / Feed Only - Interests / (creative),Mixed,Refresh Creative,0.0,3.932,784.98,,CREATIVE,"Fatigued asset: CTR -43%, CVR -23% vs prev window. Label=UNKNOWN. High volume; prioritize refresh.",Read our satisfied customer reviews. Join our family of well-rested customers. Shop today!,CAD,2025-07-02,2025-09-29
Group,CA_PerformanceMax_TotalCoverage_MaxConvValue / Feed Only / (creative),Mixed,Pause Fatigued Asset,0.0,3.082,1188.36,,CREATIVE,"Fatigued asset: CTR -65%, CVR -54% vs prev window. Label=UNKNOWN.",Read our satisfied customer reviews. Join our family of well-rested customers. Shop today!,CAD,2025-07-02,2025-09-29
Group,CA_PerformanceMax_TotalCoverage_MaxConvValue / Feed Only / (creative),Mixed,Refresh Creative,0.0,3.082,1188.36,,CREATIVE,"Fatigued asset: CTR -65%, CVR -54% vs prev window. Label=UNKNOWN. High volume; prioritize refresh.",Read our satisfied customer reviews. Join our family of well-rested customers. Shop today!,CAD,2025-07-02,2025-09-29
Group,US_PerformanceMax_ExcludeAllBrands_MaxConvtCPA / Feed - Assets - Interests / (creative),Mixed,Pause Fatigued Asset,0.0,0.0,20.41,,CREATIVE,"Fatigued asset: CTR +95%, CVR +0% vs prev window. Label=LOW.",,CAD,2025-07-02,2025-09-29
Group,US_PerformanceMax_ExcludeAllBrands_MaxConvtCPA / Feed - Assets - Interests / (creative),Mixed,Pause Fatigued Asset,0.0,0.0,198.54,,CREATIVE,"Fatigued asset: CTR -2%, CVR +0% vs prev window. Label=LOW.",Dual Zone Controls,CAD,2025-07-02,2025-09-29
Group,US_PerformanceMax_ExcludeAllBrands_MaxConvtCPA / Feed - Assets - Interests / (creative),Mixed,Refresh Creative,0.0,0.0,198.54,,CREATIVE,"Fatigued asset: CTR -2%, CVR +0% vs prev window. Label=LOW. High volume; prioritize refresh.",Dual Zone Controls,CAD,2025-07-02,2025-09-29
Group,CA_PerformanceMax_TotalCoverage_MaxConvValue / Feed - Assets - Interests / (creative),Mixed,Pause Fatigued Asset,0.0,0.0,399.63,,CREATIVE,"Fatigued asset: CTR -3%, CVR -100% vs prev window. Label=LOW.",Dual Zone Controls,CAD,2025-07-02,2025-09-29
Group,US_PerformanceMax_TotalCoverage_MaxConvtCPA / Feed - Assets - Interests / (creative),Mixed,Refresh Creative,0.0,0.0,128.95,,CREATIVE,"Fatigued asset: CTR +30%, CVR -100% vs prev window. Label=LOW. High volume; prioritize refresh.",,CAD,2025-07-02,2025-09-29
Group,US_PerformanceMax_ExcludeAllBrands_MaxConvtCPA / Feed - Assets - Interests / (creative),Mixed,Refresh Creative,0.0,0.0,261.36,,CREATIVE,"Fatigued asset: CTR +12%, CVR +0% vs prev window. Label=LOW. High volume; prioritize refresh.",,CAD,2025-07-02,2025-09-29
Group,US_PerformanceMax_TotalCoverage_MaxConvtCPA / Feed - Assets - Interests / (creative),Mixed,Pause Fatigued Asset,0.0,0.0,1083.2,,CREATIVE,"Fatigued asset: CTR -62%, CVR -100% vs prev window. Label=LOW.",Optimize Your Sleep,CAD,2025-07-02,2025-09-29
Group,US_PerformanceMax_TotalCoverage_MaxConvtCPA / Feed - Assets - Interests / (creative),Mixed,Refresh Creative,0.0,0.0,1083.2,,CREATIVE,"Fatigued asset: CTR -62%, CVR -100% vs prev window. Label=LOW. High volume; prioritize refresh.",Optimize Your Sleep,CAD,2025-07-02,2025-09-29
Group,US_PerformanceMax_ExcludeAllBrands_MaxConvtCPA / Feed - Assets - Interests / (creative),Mixed,Pause Fatigued Asset,0.0,0.0,367.36,,CREATIVE,"Fatigued asset: CTR -24%, CVR -100% vs prev window. Label=LOW.",Optimize Your Sleep,CAD,2025-07-02,2025-09-29
Group,US_PerformanceMax_ExcludeAllBrands_MaxConvtCPA / Feed - Assets - Interests / (creative),Mixed,Refresh Creative,0.0,0.0,367.36,,CREATIVE,"Fatigued asset: CTR -24%, CVR -100% vs prev window. Label=LOW. High volume; prioritize refresh.",Optimize Your Sleep,CAD,2025-07-02,2025-09-29
Group,CA_PerformanceMax_TotalCoverage_MaxConvValue / Feed - Assets - Interests / (creative),Mixed,Pause Fatigued Asset,0.0,1.597,1004.72,,CREATIVE,"Fatigued asset: CTR -49%, CVR -84% vs prev window. Label=LOW.",Optimize Your Sleep,CAD,2025-07-02,2025-09-29
Group,US_PerformanceMax_TotalCoverage_MaxConvtCPA / Feed - Assets - Interests (BREEZE25) / (creative),Mixed,Pause Fatigued Asset,0.0,0.0,14.93,,CREATIVE,"Fatigued asset: CTR +100%, CVR +0% vs prev window. Label=LOW.",Optimize Your Sleep,CAD,2025-07-02,2025-09-29
Group,US_PerformanceMax_TotalCoverage_MaxConvtCPA / Feed - Assets - Interests / (creative),Mixed,Pause Fatigued Asset,0.0,0.0,225.71,,CREATIVE,"Fatigued asset: CTR -77%, CVR -100% vs prev window. Label=BEST.",Greatly Improve Your Sleep Quality By Optimizing Your Sleep With Our Sleep Technology.,CAD,2025-07-02,2025-09-29
Group,US_PerformanceMax_TotalCoverage_MaxConvtCPA / Feed - Assets - Interests / (creative),Mixed,Refresh Creative,0.0,0.0,225.71,,CREATIVE,"Fatigued asset: CTR -77%, CVR -100% vs prev window. Label=BEST. High volume; prioritize refresh.",Greatly Improve Your Sleep Quality By Optimizing Your Sleep With Our Sleep Technology.,CAD,2025-07-02,2025-09-29
Group,CA_PerformanceMax_TotalCoverage_MaxConvValue / Feed - Assets - Interests / (creative),Mixed,Pause Fatigued Asset,0.0,1.319,1820.79,,CREATIVE,"Fatigued asset: CTR -46%, CVR -92% vs prev window. Label=LOW.",Greatly Improve Your Sleep Quality By Optimizing Your Sleep With Our Sleep Technology.,CAD,2025-07-02,2025-09-29
Group,CA_PerformanceMax_TotalCoverage_MaxConvValue / Feed - Assets - Interests / (creative),Mixed,Refresh Creative,0.0,1.319,1820.79,,CREATIVE,"Fatigued asset: CTR -46%, CVR -92% vs prev window. Label=LOW. High volume; prioritize refresh.",Greatly Improve Your Sleep Quality By Optimizing Your Sleep With Our Sleep Technology.,CAD,2025-07-02,2025-09-29
Group,US_PerformanceMax_TotalCoverage_MaxConvtCPA / Feed - Assets - Interests / (creative),Mixed,Pause Fatigued Asset,0.0,0.0,197.7,,CREATIVE,"Fatigued asset: CTR -86%, CVR -100% vs prev window. Label=BEST.",Powered by mattress cooling system. Built-in sensors that auto-adjusts to body temperature,CAD,2025-07-02,2025-09-29
Group,US_PerformanceMax_TotalCoverage_MaxConvtCPA / Feed - Assets - Interests / (creative),Mixed,Refresh Creative,0.0,0.0,197.7,,CREATIVE,"Fatigued asset: CTR -86%, CVR -100% vs prev window. Label=BEST. High volume; prioritize refresh.",Powered by mattress cooling system. Built-in sensors that auto-adjusts to body temperature,CAD,2025-07-02,2025-09-29
Group,US_PerformanceMax_ExcludeAllBrands_MaxConvtCPA / Feed - Assets - Interests / (creative),Mixed,Pause Fatigued Asset,0.0,0.0,164.05,,CREATIVE,"Fatigued asset: CTR -83%, CVR -100% vs prev window. Label=LOW.",Powered by mattress cooling system. Built-in sensors that auto-adjusts to body temperature,CAD,2025-07-02,2025-09-29
Group,US_PerformanceMax_ExcludeAllBrands_MaxConvtCPA / Feed - Assets - Interests / (creative),Mixed,Refresh Creative,0.0,0.0,164.05,,CREATIVE,"Fatigued asset: CTR -83%, CVR -100% vs prev window. Label=LOW. High volume; prioritize refresh.",Powered by mattress cooling system. Built-in sensors that auto-adjusts to body temperature,CAD,2025-07-02,2025-09-29
Group,CA_PerformanceMax_TotalCoverage_MaxConvValue / Feed Only / (creative),Mixed,Pause Fatigued Asset,0.0,0.0,385.35,,CREATIVE,"Fatigued asset: CTR -64%, CVR -100% vs prev window. Label=UNKNOWN.",Powered by mattress cooling system. Built-in sensors that auto-adjusts to body temperature,CAD,2025-07-02,2025-09-29
Group,CA_PerformanceMax_TotalCoverage_MaxConvValue / Feed Only / (creative),Mixed,Refresh Creative,0.0,0.0,385.35,,CREATIVE,"Fatigued asset: CTR -64%, CVR -100% vs prev window. Label=UNKNOWN. High volume; prioritize refresh.",Powered by mattress cooling system. Built-in sensors that auto-adjusts to body temperature,CAD,2025-07-02,2025-09-29
Group,US_PerformanceMax_TotalCoverage_MaxConvtCPA / Feed Only / (creative),Mixed,Pause Fatigued Asset,0.0,4.166,860.65,,CREATIVE,"Fatigued asset: CTR -31%, CVR -41% vs prev window. Label=UNKNOWN.",Senses and Adaptively Cools Your Body so that You Can Have Your Best Sleep Ever,CAD,2025-07-02,2025-09-29
Group,US_PerformanceMax_TotalCoverage_MaxConvtCPA / Feed Only / (creative),Mixed,Refresh Creative,0.0,4.166,860.65,,CREATIVE,"Fatigued asset: CTR -31%, CVR -41% vs prev window. Label=UNKNOWN. High volume; prioritize refresh.",Senses and Adaptively Cools Your Body so that You Can Have Your Best Sleep Ever,CAD,2025-07-02,2025-09-29
Group,US_PerformanceMax_TotalCoverage_MaxConvtCPA / Feed Only / (creative),Mixed,Pause Fatigued Asset,0.0,2.033,424.97,,CREATIVE,"Fatigued asset: CTR -46%, CVR -50% vs prev window. Label=UNKNOWN.",Sensors Monitor Your Body Temp to Automatically Adjust Cooling and Heating,CAD,2025-07-02,2025-09-29
Group,US_PerformanceMax_TotalCoverage_MaxConvtCPA / Feed Only / (creative),Mixed,Refresh Creative,0.0,2.033,424.97,,CREATIVE,"Fatigued asset: CTR -46%, CVR -50% vs prev window. Label=UNKNOWN. High volume; prioritize refresh.",Sensors Monitor Your Body Temp to Automatically Adjust Cooling and Heating,CAD,2025-07-02,2025-09-29
Group,US_PerformanceMax_TotalCoverage_MaxConvtCPA / Feed - Assets - Interests / (creative),Mixed,Pause Fatigued Asset,0.0,3.885,5418.66,,CREATIVE,"Fatigued asset: CTR -79%, CVR -70% vs prev window. Label=BEST.",Perfectly Snug | Official Site,CAD,2025-07-02,2025-09-29
Group,US_PerformanceMax_TotalCoverage_MaxConvtCPA / Feed - Assets - Interests / (creative),Mixed,Refresh Creative,0.0,3.885,5418.66,,CREATIVE,"Fatigued asset: CTR -79%, CVR -70% vs prev window. Label=BEST. High volume; prioritize refresh.",Perfectly Snug | Official Site,CAD,2025-07-02,2025-09-29
Group,US_PerformanceMax_ExcludeAllBrands_MaxConvtCPA / Feed - Assets - Interests / (creative),Mixed,Pause Fatigued Asset,0.0,2.433,1763.02,,CREATIVE,"Fatigued asset: CTR -48%, CVR -77% vs prev window. Label=GOOD.",Perfectly Snug | Official Site,CAD,2025-07-02,2025-09-29
Group,US_PerformanceMax_ExcludeAllBrands_MaxConvtCPA / Feed - Assets - Interests / (creative),Mixed,Refresh Creative,0.0,2.433,1763.02,,CREATIVE,"Fatigued asset: CTR -48%, CVR -77% vs prev window. Label=GOOD. High volume; prioritize refresh.",Perfectly Snug | Official Site,CAD,2025-07-02,2025-09-29
Group,CA_PerformanceMax_TotalCoverage_MaxConvValue / Feed - Assets - Interests / (creative),Mixed,Pause Fatigued Asset,0.0,3.106,5326.12,,CREATIVE,"Fatigued asset: CTR -33%, CVR -75% vs prev window. Label=GOOD.",Perfectly Snug | Official Site,CAD,2025-07-02,2025-09-29
Group,CA_PerformanceMax_TotalCoverage_MaxConvValue / Feed - Assets - Interests / (creative),Mixed,Refresh Creative,0.0,3.106,5326.12,,CREATIVE,"Fatigued asset: CTR -33%, CVR -75% vs prev window. Label=GOOD. High volume; prioritize refresh.",Perfectly Snug | Official Site,CAD,2025-07-02,2025-09-29
Group,US_PerformanceMax_ExcludeAllBrands_MaxConvtCPA / Feed - Assets - Interests / (creative),Mixed,Pause Fatigued Asset,0.0,0.0,207.67,,CREATIVE,"Fatigued asset: CTR +14%, CVR -100% vs prev window. Label=LOW.",Set Your Temperature,CAD,2025-07-02,2025-09-29
Group,CA_PerformanceMax_TotalCoverage_MaxConvValue / Feed - Assets - Interests / (creative),Mixed,Pause Fatigued Asset,0.0,0.0,358.01,,CREATIVE,"Fatigued asset: CTR -9%, CVR +0% vs prev window. Label=LOW.",Set Your Temperature,CAD,2025-07-02,2025-09-29
Group,US_PerformanceMax_TotalCoverage_MaxConvtCPA / Feed - Assets - Interests / (creative),Mixed,Pause Fatigued Asset,0.0,2.037,342.81,,CREATIVE,"Fatigued asset: CTR +44%, CVR -80% vs prev window. Label=LOW.",Try 30-Days Risk Free,CAD,2025-07-02,2025-09-29
Group,US_PerformanceMax_ExcludeAllBrands_MaxConvtCPA / Feed - Assets - Interests / (creative),Mixed,Pause Fatigued Asset,0.0,0.0,139.7,,CREATIVE,"Fatigued asset: CTR -20%, CVR -100% vs prev window. Label=LOW.",Try 30-Days Risk Free,CAD,2025-07-02,2025-09-29
Group,CA_PerformanceMax_TotalCoverage_MaxConvValue / Feed - Assets - Interests / (creative),Mixed,Pause Fatigued Asset,0.0,3.687,651.58,,CREATIVE,"Fatigued asset: CTR -23%, CVR -78% vs prev window. Label=LOW.",Try 30-Days Risk Free,CAD,2025-07-02,2025-09-29
Group,US_PerformanceMax_TotalCoverage_MaxConvtCPA / Feed - Assets - Interests (BREEZE25) / (creative),Mixed,Pause Fatigued Asset,0.0,0.0,3.73,,CREATIVE,"Fatigued asset: CTR +0%, CVR +0% vs prev window. Label=LOW.",Try 30-Days Risk Free,CAD,2025-07-02,2025-09-29
Group,US_PerformanceMax_ExcludeAllBrands_MaxConvtCPA / Feed - Assets - Interests (BREEZE25) / (creative),Mixed,Pause Fatigued Asset,0.0,0.0,1.36,,CREATIVE,"Fatigued asset: CTR +100%, CVR +0% vs prev window. Label=LOW.",Try 30-Days Risk Free,CAD,2025-07-02,2025-09-29
Group,US_PerformanceMax_TotalCoverage_MaxConvtCPA / Feed - Assets - Interests / (creative),Mixed,Pause Fatigued Asset,0.0,3.114,1434.69,,CREATIVE,"Fatigued asset: CTR +72%, CVR -76% vs prev window. Label=LOW.",Hot Flash Relief,CAD,2025-07-02,2025-09-29
Group,US_PerformanceMax_TotalCoverage_MaxConvtCPA / Feed - Assets - Interests / (creative),Mixed,Refresh Creative,0.0,3.114,1434.69,,CREATIVE,"Fatigued asset: CTR +72%, CVR -76% vs prev window. Label=LOW. High volume; prioritize refresh.",Hot Flash Relief,CAD,2025-07-02,2025-09-29
Group,US_PerformanceMax_ExcludeAllBrands_MaxConvtCPA / Feed - Assets - Interests / (creative),Mixed,Pause Fatigued Asset,0.0,0.0,320.37,,CREATIVE,"Fatigued asset: CTR +1%, CVR +0% vs prev window. Label=LOW.",Hot Flash Relief,CAD,2025-07-02,2025-09-29
Group,CA_PerformanceMax_TotalCoverage_MaxConvValue / Feed - Assets - Interests / (creative),Mixed,Pause Fatigued Asset,0.0,3.315,1211.35,,CREATIVE,"Fatigued asset: CTR +2%, CVR -85% vs prev window. Label=LOW.",Hot Flash Relief,CAD,2025-07-02,2025-09-29
Group,US_PerformanceMax_TotalCoverage_MaxConvtCPA / Feed - Assets - Interests / (creative),Mixed,Pause Fatigued Asset,0.0,1.106,2687.63,,CREATIVE,"Fatigued asset: CTR -67%, CVR -76% vs prev window. Label=LOW.",Keep Cool All Night,CAD,2025-07-02,2025-09-29
Group,US_PerformanceMax_TotalCoverage_MaxConvtCPA / Feed - Assets - Interests / (creative),Mixed,Refresh Creative,0.0,1.106,2687.63,,CREATIVE,"Fatigued asset: CTR -67%, CVR -76% vs prev window. Label=LOW. High volume; prioritize refresh.",Keep Cool All Night,CAD,2025-07-02,2025-09-29
Group,US_PerformanceMax_ExcludeAllBrands_MaxConvtCPA / Feed - Assets - Interests / (creative),Mixed,Pause Fatigued Asset,0.0,0.0,884.08,,CREATIVE,"Fatigued asset: CTR -50%, CVR +0% vs prev window. Label=LOW.",Keep Cool All Night,CAD,2025-07-02,2025-09-29
Group,US_PerformanceMax_ExcludeAllBrands_MaxConvtCPA / Feed - Assets - Interests / (creative),Mixed,Refresh Creative,0.0,0.0,884.08,,CREATIVE,"Fatigued asset: CTR -50%, CVR +0% vs prev window. Label=LOW. High volume; prioritize refresh.",Keep Cool All Night,CAD,2025-07-02,2025-09-29
Group,US_PerformanceMax_TotalCoverage_MaxConvtCPA / Feed - Assets - Interests (BREEZE25) / (creative),Mixed,Pause Fatigued Asset,0.0,0.0,12.93,,CREATIVE,"Fatigued asset: CTR +100%, CVR +0% vs prev window. Label=LOW.",Keep Cool All Night,CAD,2025-07-02,2025-09-29
Group,US_PerformanceMax_TotalCoverage_MaxConvtCPA / Feed - Assets - Interests / (creative),Mixed,Pause Fatigued Asset,0.0,0.426,1308.6,,CREATIVE,"Fatigued asset: CTR +92%, CVR -90% vs prev window. Label=LOW.",Don't Argue Over Temperature,CAD,2025-07-02,2025-09-29
Group,US_PerformanceMax_ExcludeAllBrands_MaxConvtCPA / Feed - Assets - Interests / (creative),Mixed,Pause Fatigued Asset,0.0,0.0,200.81,,CREATIVE,"Fatigued asset: CTR -21%, CVR +0% vs prev window. Label=LOW.",Don't Argue Over Temperature,CAD,2025-07-02,2025-09-29
Group,US_PerformanceMax_ExcludeAllBrands_MaxConvtCPA / Feed - Assets - Interests / (creative),Mixed,Refresh Creative,0.0,0.0,200.81,,CREATIVE,"Fatigued asset: CTR -21%, CVR +0% vs prev window. Label=LOW. High volume; prioritize refresh.",Don't Argue Over Temperature,CAD,2025-07-02,2025-09-29
Group,US_PerformanceMax_TotalCoverage_MaxConvtCPA / Feed - Assets - Interests / (creative),Mixed,Pause Fatigued Asset,0.0,4.399,1094.44,,CREATIVE,"Fatigued asset: CTR +40%, CVR -35% vs prev window. Label=LOW.",Works On Any Mattress,CAD,2025-07-02,2025-09-29
Group,US_PerformanceMax_TotalCoverage_MaxConvtCPA / Feed - Assets - Interests / (creative),Mixed,Refresh Creative,0.0,4.399,1094.44,,CREATIVE,"Fatigued asset: CTR +40%, CVR -35% vs prev window. Label=LOW. High volume; prioritize refresh.",Works On Any Mattress,CAD,2025-07-02,2025-09-29
Group,US_PerformanceMax_ExcludeAllBrands_MaxConvtCPA / Feed - Assets - Interests / (creative),Mixed,Pause Fatigued Asset,0.0,0.0,532.91,,CREATIVE,"Fatigued asset: CTR +25%, CVR +0% vs prev window. Label=LOW.",Works On Any Mattress,CAD,2025-07-02,2025-09-29
Group,CA_PerformanceMax_TotalCoverage_MaxConvValue / Feed - Assets - Interests / (creative),Mixed,Pause Fatigued Asset,0.0,5.27,478.69,,CREATIVE,"Fatigued asset: CTR -9%, CVR +100% vs prev window. Label=LOW.",Works On Any Mattress,CAD,2025-07-02,2025-09-29
Group,US_PerformanceMax_TotalCoverage_MaxConvtCPA / Feed - Assets - Interests / (creative),Mixed,Pause Fatigued Asset,0.0,13.975,447.27,,CREATIVE,"Fatigued asset: CTR +55%, CVR +103% vs prev window. Label=LOW.",No Subscription Needed,CAD,2025-07-02,2025-09-29
Group,US_PerformanceMax_ExcludeAllBrands_MaxConvtCPA / Feed - Assets - Interests / (creative),Mixed,Pause Fatigued Asset,0.0,0.0,149.75,,CREATIVE,"Fatigued asset: CTR -7%, CVR -100% vs prev window. Label=LOW.",No Subscription Needed,CAD,2025-07-02,2025-09-29
Group,CA_PerformanceMax_TotalCoverage_MaxConvValue / Feed - Assets - Interests / (creative),Mixed,Pause Fatigued Asset,0.0,0.0,598.18,,CREATIVE,"Fatigued asset: CTR -2%, CVR -100% vs prev window. Label=LOW.",No Subscription Needed,CAD,2025-07-02,2025-09-29
Group,US_PerformanceMax_TotalCoverage_MaxConvtCPA / Feed - Assets - Interests (BREEZE25) / (creative),Mixed,Pause Fatigued Asset,0.0,0.0,2.32,,CREATIVE,"Fatigued asset: CTR +0%, CVR +0% vs prev window. Label=LOW.",No Subscription Needed,CAD,2025-07-02,2025-09-29
Group,US_PerformanceMax_ExcludeAllBrands_MaxConvtCPA / Feed - Assets - Interests (BREEZE25) / (creative),Mixed,Pause Fatigued Asset,0.0,0.0,5.89,,CREATIVE,"Fatigued asset: CTR +100%, CVR +0% vs prev window. Label=LOW.",No Subscription Needed,CAD,2025-07-02,2025-09-29
Group,US_PerformanceMax_ExcludeAllBrands_MaxConvtCPA / Feed - Assets - Interests / (creative),Mixed,Pause Fatigued Asset,0.0,0.0,182.58,,CREATIVE,"Fatigued asset: CTR -57%, CVR -100% vs prev window. Label=LOW.",Choose Perfectly Snug. No water leaks. No maintenance. No bulky equipment.,CAD,2025-07-02,2025-09-29
Group,US_PerformanceMax_ExcludeAllBrands_MaxConvtCPA / Feed - Assets - Interests / (creative),Mixed,Refresh Creative,0.0,0.0,182.58,,CREATIVE,"Fatigued asset: CTR -57%, CVR -100% vs prev window. Label=LOW. High volume; prioritize refresh.",Choose Perfectly Snug. No water leaks. No maintenance. No bulky equipment.,CAD,2025-07-02,2025-09-29
Group,US_PerformanceMax_TotalCoverage_MaxConvtCPA / Feed - Assets - Interests / (creative),Mixed,Pause Fatigued Asset,0.0,0.0,251.72,,CREATIVE,"Fatigued asset: CTR -35%, CVR -100% vs prev window. Label=LOW.",Try risk free with our 30-night trial. Free shipping & returns. Learn more today.,CAD,2025-07-02,2025-09-29
Group,US_PerformanceMax_TotalCoverage_MaxConvtCPA / Feed - Assets - Interests / (creative),Mixed,Refresh Creative,0.0,0.0,251.72,,CREATIVE,"Fatigued asset: CTR -35%, CVR -100% vs prev window. Label=LOW. High volume; prioritize refresh.",Try risk free with our 30-night trial. Free shipping & returns. Learn more today.,CAD,2025-07-02,2025-09-29
Group,US_PerformanceMax_ExcludeAllBrands_MaxConvtCPA / Feed - Assets - Interests / (creative),Mixed,Pause Fatigued Asset,0.0,0.0,321.0,,CREATIVE,"Fatigued asset: CTR -15%, CVR -100% vs prev window. Label=LOW.",Try risk free with our 30-night trial. Free shipping & returns. Learn more today.,CAD,2025-07-02,2025-09-29
Group,US_PerformanceMax_ExcludeAllBrands_MaxConvtCPA / Feed - Assets - Interests / (creative),Mixed,Refresh Creative,0.0,0.0,321.0,,CREATIVE,"Fatigued asset: CTR -15%, CVR -100% vs prev window. Label=LOW. High volume; prioritize refresh.",Try risk free with our 30-night trial. Free shipping & returns. Learn more today.,CAD,2025-07-02,2025-09-29
Group,CA_PerformanceMax_TotalCoverage_MaxConvValue / Feed - Assets - Interests / (creative),Mixed,Pause Fatigued Asset,0.0,0.0,500.4,,CREATIVE,"Fatigued asset: CTR -57%, CVR -100% vs prev window. Label=LOW.",Try risk free with our 30-night trial. Free shipping & returns. Learn more today.,CAD,2025-07-02,2025-09-29
Group,CA_PerformanceMax_TotalCoverage_MaxConvValue / Feed - Assets - Interests / (creative),Mixed,Refresh Creative,0.0,0.0,500.4,,CREATIVE,"Fatigued asset: CTR -57%, CVR -100% vs prev window. Label=LOW. High volume; prioritize refresh.",Try risk free with our 30-night trial. Free shipping & returns. Learn more today.,CAD,2025-07-02,2025-09-29
Group,US_PerformanceMax_ExcludeAllBrands_MaxConvtCPA / Feed - Assets - Interests (BREEZE25) / (creative),Mixed,Pause Fatigued Asset,0.0,0.0,17.83,,CREATIVE,"Fatigued asset: CTR +100%, CVR +0% vs prev window. Label=LOW.",Try risk free with our 30-night trial. Free shipping & returns. Learn more today.,CAD,2025-07-02,2025-09-29
Group,US_PerformanceMax_ExcludeAllBrands_MaxConvtCPA / Feed - Assets - Interests (BREEZE25) / (creative),Mixed,Refresh Creative,0.0,0.0,17.83,,CREATIVE,"Fatigued asset: CTR +100%, CVR +0% vs prev window. Label=LOW. High volume; prioritize refresh.",Try risk free with our 30-night trial. Free shipping & returns. Learn more today.,CAD,2025-07-02,2025-09-29
Group,CA_PerformanceMax_TotalCoverage_MaxConvValue / Feed Only / (creative),Mixed,Pause Fatigued Asset,0.0,0.0,128.1,,CREATIVE,"Fatigued asset: CTR -81%, CVR -100% vs prev window. Label=UNKNOWN.",Get a sleep temperature just for you,CAD,2025-07-02,2025-09-29
Group,CA_PerformanceMax_TotalCoverage_MaxConvValue / Feed Only / (creative),Mixed,Refresh Creative,0.0,0.0,128.1,,CREATIVE,"Fatigued asset: CTR -81%, CVR -100% vs prev window. Label=UNKNOWN. High volume; prioritize refresh.",Get a sleep temperature just for you,CAD,2025-07-02,2025-09-29
Group,CA_PerformanceMax_TotalCoverage_MaxConvValue / Feed - Assets - Interests / (creative),Mixed,Pause Fatigued Asset,0.0,0.0,416.75,,CREATIVE,"Fatigued asset: CTR -42%, CVR -100% vs prev window. Label=UNKNOWN.",Buy Perfectly Snug today,CAD,2025-07-02,2025-09-29
Group,CA_PerformanceMax_TotalCoverage_MaxConvValue / Feed - Assets - Interests / (creative),Mixed,Refresh Creative,0.0,0.0,416.75,,CREATIVE,"Fatigued asset: CTR -42%, CVR -100% vs prev window. Label=UNKNOWN. High volume; prioritize refresh.",Buy Perfectly Snug today,CAD,2025-07-02,2025-09-29
Group,CA_PerformanceMax_TotalCoverage_MaxConvValue / Feed Only / (creative),Mixed,Pause Fatigued Asset,0.0,0.0,502.28,,CREATIVE,"Fatigued asset: CTR -65%, CVR -100% vs prev window. Label=UNKNOWN.",Keep you at your preferred temperature,CAD,2025-07-02,2025-09-29
Group,CA_PerformanceMax_TotalCoverage_MaxConvValue / Feed Only / (creative),Mixed,Refresh Creative,0.0,0.0,502.28,,CREATIVE,"Fatigued asset: CTR -65%, CVR -100% vs prev window. Label=UNKNOWN. High volume; prioritize refresh.",Keep you at your preferred temperature,CAD,2025-07-02,2025-09-29
Group,CA_PerformanceMax_TotalCoverage_MaxConvValue / Feed Only / (creative),Mixed,Pause Fatigued Asset,0.0,0.0,176.66,,CREATIVE,"Fatigued asset: CTR -79%, CVR -100% vs prev window. Label=UNKNOWN.",Get a better sleep with Smart Topper,CAD,2025-07-02,2025-09-29
Group,CA_PerformanceMax_TotalCoverage_MaxConvValue / Feed Only / (creative),Mixed,Refresh Creative,0.0,0.0,176.66,,CREATIVE,"Fatigued asset: CTR -79%, CVR -100% vs prev window. Label=UNKNOWN. High volume; prioritize refresh.",Get a better sleep with Smart Topper,CAD,2025-07-02,2025-09-29
Group,US_PerformanceMax_TotalCoverage_MaxConvtCPA / Feed - Assets - Interests / (creative),Mixed,Pause Fatigued Asset,0.0,0.0,172.36,,CREATIVE,"Fatigued asset: CTR -50%, CVR +0% vs prev window. Label=LOW.","Better Sleep, Better Life. Shop The Smart Topper Today.",CAD,2025-07-02,2025-09-29
Group,US_PerformanceMax_TotalCoverage_MaxConvtCPA / Feed - Assets - Interests / (creative),Mixed,Refresh Creative,0.0,0.0,172.36,,CREATIVE,"Fatigued asset: CTR -50%, CVR +0% vs prev window. Label=LOW. High volume; prioritize refresh.","Better Sleep, Better Life. Shop The Smart Topper Today.",CAD,2025-07-02,2025-09-29
Group,US_PerformanceMax_ExcludeAllBrands_MaxConvtCPA / Feed - Assets - Interests / (creative),Mixed,Pause Fatigued Asset,0.0,0.0,334.53,,CREATIVE,"Fatigued asset: CTR -16%, CVR -100% vs prev window. Label=LOW.","Better Sleep, Better Life. Shop The Smart Topper Today.",CAD,2025-07-02,2025-09-29
Group,US_PerformanceMax_ExcludeAllBrands_MaxConvtCPA / Feed - Assets - Interests / (creative),Mixed,Refresh Creative,0.0,0.0,334.53,,CREATIVE,"Fatigued asset: CTR -16%, CVR -100% vs prev window. Label=LOW. High volume; prioritize refresh.","Better Sleep, Better Life. Shop The Smart Topper Today.",CAD,2025-07-02,2025-09-29
Group,CA_PerformanceMax_TotalCoverage_MaxConvValue / Feed - Assets - Interests / (creative),Mixed,Pause Fatigued Asset,0.0,6.427,308.96,,CREATIVE,"Fatigued asset: CTR -66%, CVR -91% vs prev window. Label=LOW.","Better Sleep, Better Life. Shop The Smart Topper Today.",CAD,2025-07-02,2025-09-29
Group,CA_PerformanceMax_TotalCoverage_MaxConvValue / Feed - Assets - Interests / (creative),Mixed,Refresh Creative,0.0,6.427,308.96,,CREATIVE,"Fatigued asset: CTR -66%, CVR -91% vs prev window. Label=LOW. High volume; prioritize refresh.","Better Sleep, Better Life. Shop The Smart Topper Today.",CAD,2025-07-02,2025-09-29
Group,US_PerformanceMax_ExcludeAllBrands_MaxConvtCPA / Feed - Assets - Interests (BREEZE25) / (creative),Mixed,Pause Fatigued Asset,0.0,0.0,12.31,,CREATIVE,"Fatigued asset: CTR +100%, CVR +0% vs prev window. Label=LOW.","Better Sleep, Better Life. Shop The Smart Topper Today.",CAD,2025-07-02,2025-09-29
Group,US_PerformanceMax_ExcludeAllBrands_MaxConvtCPA / Feed - Assets - Interests (BREEZE25) / (creative),Mixed,Refresh Creative,0.0,0.0,12.31,,CREATIVE,"Fatigued asset: CTR +100%, CVR +0% vs prev window. Label=LOW. High volume; prioritize refresh.","Better Sleep, Better Life. Shop The Smart Topper Today.",CAD,2025-07-02,2025-09-29
Group,US_PerformanceMax_TotalCoverage_MaxConvtCPA / Feed - Assets - Interests / (creative),Mixed,Pause Fatigued Asset,0.0,3.304,8169.09,,CREATIVE,"Fatigued asset: CTR -69%, CVR -50% vs prev window. Label=BEST.",Read our satisfied customer reviews. Join our family of well-rested customers. Shop today.,CAD,2025-07-02,2025-09-29
Group,US_PerformanceMax_TotalCoverage_MaxConvtCPA / Feed - Assets - Interests / (creative),Mixed,Refresh Creative,0.0,3.304,8169.09,,CREATIVE,"Fatigued asset: CTR -69%, CVR -50% vs prev window. Label=BEST. High volume; prioritize refresh.",Read our satisfied customer reviews. Join our family of well-rested customers. Shop today.,CAD,2025-07-02,2025-09-29
Group,US_PerformanceMax_ExcludeAllBrands_MaxConvtCPA / Feed - Assets - Interests / (creative),Mixed,Pause Fatigued Asset,0.0,0.703,2401.2,,CREATIVE,"Fatigued asset: CTR -48%, CVR -91% vs prev window. Label=GOOD.",Read our satisfied customer reviews. Join our family of well-rested customers. Shop today.,CAD,2025-07-02,2025-09-29
Group,US_PerformanceMax_ExcludeAllBrands_MaxConvtCPA / Feed - Assets - Interests / (creative),Mixed,Refresh Creative,0.0,0.703,2401.2,,CREATIVE,"Fatigued asset: CTR -48%, CVR -91% vs prev window. Label=GOOD. High volume; prioritize refresh.",Read our satisfied customer reviews. Join our family of well-rested customers. Shop today.,CAD,2025-07-02,2025-09-29
Group,CA_PerformanceMax_TotalCoverage_MaxConvValue / Feed - Assets - Interests / (creative),Mixed,Pause Fatigued Asset,0.0,4.992,7030.15,,CREATIVE,"Fatigued asset: CTR -44%, CVR -56% vs prev window. Label=BEST.",Read our satisfied customer reviews. Join our family of well-rested customers. Shop today.,CAD,2025-07-02,2025-09-29
Group,CA_PerformanceMax_TotalCoverage_MaxConvValue / Feed - Assets - Interests / (creative),Mixed,Refresh Creative,0.0,4.992,7030.15,,CREATIVE,"Fatigued asset: CTR -44%, CVR -56% vs prev window. Label=BEST. High volume; prioritize refresh.",Read our satisfied customer reviews. Join our family of well-rested customers. Shop today.,CAD,2025-07-02,2025-09-29
Group,US_PerformanceMax_TotalCoverage_MaxConvtCPA / Feed - Assets - Interests / (creative),Mixed,Pause Fatigued Asset,0.0,0.0,698.09,,CREATIVE,"Fatigued asset: CTR -82%, CVR -100% vs prev window. Label=BEST.",Sleeping Cool Is Sleep Success. Don't Suffer From Hot Nights Ever Again.,CAD,2025-07-02,2025-09-29
Group,US_PerformanceMax_TotalCoverage_MaxConvtCPA / Feed - Assets - Interests / (creative),Mixed,Refresh Creative,0.0,0.0,698.09,,CREATIVE,"Fatigued asset: CTR -82%, CVR -100% vs prev window. Label=BEST. High volume; prioritize refresh.",Sleeping Cool Is Sleep Success. Don't Suffer From Hot Nights Ever Again.,CAD,2025-07-02,2025-09-29
Group,US_PerformanceMax_ExcludeAllBrands_MaxConvtCPA / Feed - Assets - Interests / (creative),Mixed,Pause Fatigued Asset,0.0,0.0,599.27,,CREATIVE,"Fatigued asset: CTR -30%, CVR +0% vs prev window. Label=LOW.",Sleeping Cool Is Sleep Success. Don't Suffer From Hot Nights Ever Again.,CAD,2025-07-02,2025-09-29
Group,US_PerformanceMax_ExcludeAllBrands_MaxConvtCPA / Feed - Assets - Interests / (creative),Mixed,Refresh Creative,0.0,0.0,599.27,,CREATIVE,"Fatigued asset: CTR -30%, CVR +0% vs prev window. Label=LOW. High volume; prioritize refresh.",Sleeping Cool Is Sleep Success. Don't Suffer From Hot Nights Ever Again.,CAD,2025-07-02,2025-09-29
Group,CA_PerformanceMax_TotalCoverage_MaxConvValue / Feed - Assets - Interests / (creative),Mixed,Pause Fatigued Asset,0.0,4.864,408.21,,CREATIVE,"Fatigued asset: CTR -76%, CVR -87% vs prev window. Label=LOW.",Sleeping Cool Is Sleep Success. Don't Suffer From Hot Nights Ever Again.,CAD,2025-07-02,2025-09-29
Group,CA_PerformanceMax_TotalCoverage_MaxConvValue / Feed - Assets - Interests / (creative),Mixed,Refresh Creative,0.0,4.864,408.21,,CREATIVE,"Fatigued asset: CTR -76%, CVR -87% vs prev window. Label=LOW. High volume; prioritize refresh.",Sleeping Cool Is Sleep Success. Don't Suffer From Hot Nights Ever Again.,CAD,2025-07-02,2025-09-29
Group,US_PerformanceMax_ExcludeAllBrands_MaxConvtCPA / Feed - Assets - Interests (BREEZE25) / (creative),Mixed,Pause Fatigued Asset,0.0,0.0,20.62,,CREATIVE,"Fatigued asset: CTR +100%, CVR +0% vs prev window. Label=LOW.",Sleeping Cool Is Sleep Success. Don't Suffer From Hot Nights Ever Again.,CAD,2025-07-02,2025-09-29
Group,US_PerformanceMax_ExcludeAllBrands_MaxConvtCPA / Feed - Assets - Interests (BREEZE25) / (creative),Mixed,Refresh Creative,0.0,0.0,20.62,,CREATIVE,"Fatigued asset: CTR +100%, CVR +0% vs prev window. Label=LOW. High volume; prioritize refresh.",Sleeping Cool Is Sleep Success. Don't Suffer From Hot Nights Ever Again.,CAD,2025-07-02,2025-09-29
Group,CA_PerformanceMax_TotalCoverage_MaxConvValue / Feed - Assets - Interests / (creative),Mixed,Pause Fatigued Asset,0.0,0.0,22.44,,CREATIVE,"Fatigued asset: CTR -32%, CVR -100% vs prev window. Label=GOOD.",,CAD,2025-07-02,2025-09-29
Group,US_PerformanceMax_TotalCoverage_MaxConvtCPA / Feed - Assets - Interests (BREEZE25) / (creative),Mixed,Pause Fatigued Asset,0.0,0.0,5.04,,CREATIVE,"Fatigued asset: CTR +100%, CVR +0% vs prev window. Label=LOW.",Get Up to $250 Off,CAD,2025-07-02,2025-09-29
Group,US_PerformanceMax_ExcludeAllBrands_MaxConvtCPA / Feed - Assets - Interests (BREEZE25) / (creative),Mixed,Pause Fatigued Asset,0.0,0.0,1.8,,CREATIVE,"Fatigued asset: CTR +100%, CVR +0% vs prev window. Label=LOW.",Get Up to $250 Off,CAD,2025-07-02,2025-09-29
Group,US_PerformanceMax_TotalCoverage_MaxConvtCPA / Feed - Assets - Interests (BREEZE25) / (creative),Mixed,Pause Fatigued Asset,0.0,0.0,2.53,,CREATIVE,"Fatigued asset: CTR +100%, CVR +0% vs prev window. Label=LOW.",Make Better Sleep a Breeze,CAD,2025-07-02,2025-09-29
Group,US_PerformanceMax_ExcludeAllBrands_MaxConvtCPA / Feed - Assets - Interests (BREEZE25) / (creative),Mixed,Pause Fatigued Asset,0.0,0.0,0.72,,CREATIVE,"Fatigued asset: CTR +100%, CVR +0% vs prev window. Label=LOW.",Make Better Sleep a Breeze,CAD,2025-07-02,2025-09-29
Group,US_PerformanceMax_ExcludeAllBrands_MaxConvtCPA / Feed - Assets - Interests (BREEZE25) / (creative),Mixed,Pause Fatigued Asset,0.0,0.0,17.03,,CREATIVE,"Fatigued asset: CTR +100%, CVR +0% vs prev window. Label=LOW.",Breeze through hot nights with smart cooling comfort. Save up to $250 with Code: BREEZE25,CAD,2025-07-02,2025-09-29
Group,US_PerformanceMax_ExcludeAllBrands_MaxConvtCPA / Feed - Assets - Interests (BREEZE25) / (creative),Mixed,Refresh Creative,0.0,0.0,17.03,,CREATIVE,"Fatigued asset: CTR +100%, CVR +0% vs prev window. Label=LOW. High volume; prioritize refresh.",Breeze through hot nights with smart cooling comfort. Save up to $250 with Code: BREEZE25,CAD,2025-07-02,2025-09-29
Group,US_PerformanceMax_TotalCoverage_MaxConvtCPA / Feed - Assets - Interests (BREEZE25) / (creative),Mixed,Pause Fatigued Asset,0.0,0.0,1.38,,CREATIVE,"Fatigued asset: CTR +0%, CVR +0% vs prev window. Label=LOW.","Sleep Easy, Save with BREEZE25",CAD,2025-07-02,2025-09-29
Group,US_PerformanceMax_ExcludeAllBrands_MaxConvtCPA / Feed - Assets - Interests (BREEZE25) / (creative),Mixed,Pause Fatigued Asset,0.0,0.0,0.89,,CREATIVE,"Fatigued asset: CTR +0%, CVR +0% vs prev window. Label=LOW.","Sleep Easy, Save with BREEZE25",CAD,2025-07-02,2025-09-29
Group,CA_PerformanceMax_TotalCoverage_MaxConvValue / Feed - Assets - Interests / (creative),Mixed,Rotate In Winner,0.0,2.364,946.59,,CREATIVE,"Winner asset; rotate into sibling group 'Feed - Assets - Interests'. Momentum: CTR +22%, CVR -55%.",Cooling Mattress Topper,CAD,2025-07-02,2025-09-29
Group,US_PerformanceMax_TotalCoverage_MaxConvtCPA / Feed - Assets - Interests (BREEZE25) / (creative),Mixed,Rotate In Winner,0.0,17.051,870.99,,CREATIVE,"Winner asset; rotate into sibling group 'Feed - Assets - Interests (BREEZE25)'. Momentum: CTR +13%, CVR +219%.",The Smart Topper,CAD,2025-07-02,2025-09-29
Group,CA_PerformanceMax_TotalCoverage_MaxConvValue / Feed - Assets - Interests (BREEZE25) / (creative),Mixed,Rotate In Winner,0.0,11.965,757.19,,CREATIVE,"Winner asset; rotate into sibling group 'Feed - Assets - Interests (BREEZE25)'. Momentum: CTR +3%, CVR +23%.",The Smart Topper,CAD,2025-07-02,2025-09-29
Group,US_PerformanceMax_TotalCoverage_MaxConvtCPA / Feed Only / (creative),Mixed,Rotate In Winner,0.0,0.0,304.94,,CREATIVE,"Winner asset; rotate into sibling group 'Feed Only'. Momentum: CTR +100%, CVR +0%.",Perfectly Snug,CAD,2025-07-02,2025-09-29
Group,US_PerformanceMax_TotalCoverage_MaxConvtCPA / Feed Only - Interests / (creative),Mixed,Rotate In Winner,0.0,0.0,304.94,,CREATIVE,"Winner asset; rotate into sibling group 'Feed Only - Interests'. Momentum: CTR +100%, CVR +0%.",Perfectly Snug,CAD,2025-07-02,2025-09-29
Group,US_PerformanceMax_ExcludeAllBrands_MaxConvtCPA / Feed Only - Interests / (creative),Mixed,Rotate In Winner,0.0,0.0,41.42,,CREATIVE,"Winner asset; rotate into sibling group 'Feed Only - Interests'. Momentum: CTR +100%, CVR +0%.",Perfectly Snug,CAD,2025-07-02,2025-09-29
Group,US_PerformanceMax_ExcludeAllBrands_MaxConvtCPA / Feed Only - No Interests / (creative),Mixed,Rotate In Winner,0.0,0.0,41.42,,CREATIVE,"Winner asset; rotate into sibling group 'Feed Only - No Interests'. Momentum: CTR +100%, CVR +0%.",Perfectly Snug,CAD,2025-07-02,2025-09-29
Group,US_PerformanceMax_TotalCoverage_MaxConvtCPA / Feed Only / (creative),Mixed,Rotate In Winner,0.0,2.958,6835.36,,CREATIVE,"Winner asset; rotate into sibling group 'Feed Only'. Momentum: CTR +20%, CVR -55%.",Best Cooling Mattress Topper,CAD,2025-07-02,2025-09-29
Group,US_PerformanceMax_TotalCoverage_MaxConvtCPA / Feed Only - Interests / (creative),Mixed,Rotate In Winner,0.0,2.958,6835.36,,CREATIVE,"Winner asset; rotate into sibling group 'Feed Only - Interests'. Momentum: CTR +20%, CVR -55%.",Best Cooling Mattress Topper,CAD,2025-07-02,2025-09-29
Group,US_PerformanceMax_TotalCoverage_MaxConvtCPA / Feed - Assets - Interests (BREEZE25) / (creative),Mixed,Rotate In Winner,0.0,2.958,6835.36,,CREATIVE,"Winner asset; rotate into sibling group 'Feed - Assets - Interests (BREEZE25)'. Momentum: CTR +20%, CVR -55%.",Best Cooling Mattress Topper,CAD,2025-07-02,2025-09-29
Group,CA_PerformanceMax_TotalCoverage_MaxConvValue / Feed Only - Interests / (creative),Mixed,Rotate In Winner,0.0,4.051,5694.25,,CREATIVE,"Winner asset; rotate into sibling group 'Feed Only - Interests'. Momentum: CTR -8%, CVR -64%.",Best Cooling Mattress Topper,CAD,2025-07-02,2025-09-29
Group,CA_PerformanceMax_TotalCoverage_MaxConvValue / Feed Only / (creative),Mixed,Rotate In Winner,0.0,4.051,5694.25,,CREATIVE,"Winner asset; rotate into sibling group 'Feed Only'. Momentum: CTR -8%, CVR -64%.",Best Cooling Mattress Topper,CAD,2025-07-02,2025-09-29
Group,CA_PerformanceMax_TotalCoverage_MaxConvValue / Feed - Assets - Interests (BREEZE25) / (creative),Mixed,Rotate In Winner,0.0,4.051,5694.25,,CREATIVE,"Winner asset; rotate into sibling group 'Feed - Assets - Interests (BREEZE25)'. Momentum: CTR -8%, CVR -64%.",Best Cooling Mattress Topper,CAD,2025-07-02,2025-09-29
Group,US_PerformanceMax_TotalCoverage_MaxConvtCPA / Feed Only / (creative),Mixed,Rotate In Winner,0.0,0.742,4279.76,,CREATIVE,"Winner asset; rotate into sibling group 'Feed Only'. Momentum: CTR -71%, CVR +100%.",Better Sleep. Better Life.,CAD,2025-07-02,2025-09-29
Group,US_PerformanceMax_TotalCoverage_MaxConvtCPA / Feed Only - Interests / (creative),Mixed,Rotate In Winner,0.0,0.742,4279.76,,CREATIVE,"Winner asset; rotate into sibling group 'Feed Only - Interests'. Momentum: CTR -71%, CVR +100%.",Better Sleep. Better Life.,CAD,2025-07-02,2025-09-29
Group,CA_PerformanceMax_TotalCoverage_MaxConvValue / Feed Only - Interests / (creative),Mixed,Rotate In Winner,0.0,2.818,1504.51,,CREATIVE,"Winner asset; rotate into sibling group 'Feed Only - Interests'. Momentum: CTR -1%, CVR +100%.",Better Sleep. Better Life.,CAD,2025-07-02,2025-09-29
Group,CA_PerformanceMax_TotalCoverage_MaxConvValue / Feed Only / (creative),Mixed,Rotate In Winner,0.0,2.818,1504.51,,CREATIVE,"Winner asset; rotate into sibling group 'Feed Only'. Momentum: CTR -1%, CVR +100%.",Better Sleep. Better Life.,CAD,2025-07-02,2025-09-29
Group,US_PerformanceMax_ExcludeAllBrands_MaxConvtCPA / Feed Only - Interests / (creative),Mixed,Rotate In Winner,0.0,0.0,13.76,,CREATIVE,"Winner asset; rotate into sibling group 'Feed Only - Interests'. Momentum: CTR +100%, CVR +0%.",Better Sleep. Better Life.,CAD,2025-07-02,2025-09-29
Group,US_PerformanceMax_ExcludeAllBrands_MaxConvtCPA / Feed Only - No Interests / (creative),Mixed,Rotate In Winner,0.0,0.0,13.76,,CREATIVE,"Winner asset; rotate into sibling group 'Feed Only - No Interests'. Momentum: CTR +100%, CVR +0%.",Better Sleep. Better Life.,CAD,2025-07-02,2025-09-29
Group,US_PerformanceMax_ExcludeAllBrands_MaxConvtCPA / Feed Only - Interests / (creative),Mixed,Rotate In Winner,0.0,1.045,1841.27,,CREATIVE,"Winner asset; rotate into sibling group 'Feed Only - Interests'. Momentum: CTR +12%, CVR -65%.",The World's First Smart Topper,CAD,2025-07-02,2025-09-29
Group,US_PerformanceMax_ExcludeAllBrands_MaxConvtCPA / Feed Only - No Interests / (creative),Mixed,Rotate In Winner,0.0,1.045,1841.27,,CREATIVE,"Winner asset; rotate into sibling group 'Feed Only - No Interests'. Momentum: CTR +12%, CVR -65%.",The World's First Smart Topper,CAD,2025-07-02,2025-09-29
Group,US_PerformanceMax_TotalCoverage_MaxConvtCPA / Feed Only - Interests / (creative),Mixed,Rotate In Winner,0.0,0.0,20.68,,CREATIVE,"Winner asset; rotate into sibling group 'Feed Only - Interests'. Momentum: CTR +100%, CVR +0%.",The World's First Smart Topper,CAD,2025-07-02,2025-09-29
Group,US_PerformanceMax_TotalCoverage_MaxConvtCPA / Feed Only / (creative),Mixed,Rotate In Winner,0.0,3.354,1692.69,,CREATIVE,"Winner asset; rotate into sibling group 'Feed Only'. Momentum: CTR +23%, CVR -77%.",Smart Cooling Topper,CAD,2025-07-02,2025-09-29
Group,US_PerformanceMax_TotalCoverage_MaxConvtCPA / Feed Only - Interests / (creative),Mixed,Rotate In Winner,0.0,3.354,1692.69,,CREATIVE,"Winner asset; rotate into sibling group 'Feed Only - Interests'. Momentum: CTR +23%, CVR -77%.",Smart Cooling Topper,CAD,2025-07-02,2025-09-29
Group,US_PerformanceMax_TotalCoverage_MaxConvtCPA / Feed - Assets - Interests (BREEZE25) / (creative),Mixed,Rotate In Winner,0.0,3.354,1692.69,,CREATIVE,"Winner asset; rotate into sibling group 'Feed - Assets - Interests (BREEZE25)'. Momentum: CTR +23%, CVR -77%.",Smart Cooling Topper,CAD,2025-07-02,2025-09-29
Group,US_PerformanceMax_TotalCoverage_MaxConvtCPA / Feed Only / (creative),Mixed,Rotate In Winner,0.0,0.0,874.56,,CREATIVE,"Winner asset; rotate into sibling group 'Feed Only'. Momentum: CTR +70%, CVR -100%.",Read Our Customer Reviews,CAD,2025-07-02,2025-09-29
Group,US_PerformanceMax_TotalCoverage_MaxConvtCPA / Feed Only - Interests / (creative),Mixed,Rotate In Winner,0.0,0.0,874.56,,CREATIVE,"Winner asset; rotate into sibling group 'Feed Only - Interests'. Momentum: CTR +70%, CVR -100%.",Read Our Customer Reviews,CAD,2025-07-02,2025-09-29
Group,US_PerformanceMax_TotalCoverage_MaxConvtCPA / Feed - Assets - Interests (BREEZE25) / (creative),Mixed,Rotate In Winner,0.0,0.0,874.56,,CREATIVE,"Winner asset; rotate into sibling group 'Feed - Assets - Interests (BREEZE25)'. Momentum: CTR +70%, CVR -100%.",Read Our Customer Reviews,CAD,2025-07-02,2025-09-29
Group,US_PerformanceMax_ExcludeAllBrands_MaxConvtCPA / Feed Only - Interests / (creative),Mixed,Rotate In Winner,0.0,0.0,178.14,,CREATIVE,"Winner asset; rotate into sibling group 'Feed Only - Interests'. Momentum: CTR +22%, CVR -100%.",Read Our Customer Reviews,CAD,2025-07-02,2025-09-29
Group,US_PerformanceMax_ExcludeAllBrands_MaxConvtCPA / Feed Only - No Interests / (creative),Mixed,Rotate In Winner,0.0,0.0,178.14,,CREATIVE,"Winner asset; rotate into sibling group 'Feed Only - No Interests'. Momentum: CTR +22%, CVR -100%.",Read Our Customer Reviews,CAD,2025-07-02,2025-09-29
Group,US_PerformanceMax_ExcludeAllBrands_MaxConvtCPA / Feed - Assets - Interests (BREEZE25) / (creative),Mixed,Rotate In Winner,0.0,0.0,178.14,,CREATIVE,"Winner asset; rotate into sibling group 'Feed - Assets - Interests (BREEZE25)'. Momentum: CTR +22%, CVR -100%.",Read Our Customer Reviews,CAD,2025-07-02,2025-09-29
Group,CA_PerformanceMax_TotalCoverage_MaxConvValue / Feed Only - Interests / (creative),Mixed,Rotate In Winner,0.0,9.359,800.45,,CREATIVE,"Winner asset; rotate into sibling group 'Feed Only - Interests'. Momentum: CTR +2%, CVR +100%.",Read Our Customer Reviews,CAD,2025-07-02,2025-09-29
Group,CA_PerformanceMax_TotalCoverage_MaxConvValue / Feed Only / (creative),Mixed,Rotate In Winner,0.0,9.359,800.45,,CREATIVE,"Winner asset; rotate into sibling group 'Feed Only'. Momentum: CTR +2%, CVR +100%.",Read Our Customer Reviews,CAD,2025-07-02,2025-09-29
Group,CA_PerformanceMax_TotalCoverage_MaxConvValue / Feed - Assets - Interests (BREEZE25) / (creative),Mixed,Rotate In Winner,0.0,9.359,800.45,,CREATIVE,"Winner asset; rotate into sibling group 'Feed - Assets - Interests (BREEZE25)'. Momentum: CTR +2%, CVR +100%.",Read Our Customer Reviews,CAD,2025-07-02,2025-09-29
Group,US_PerformanceMax_TotalCoverage_MaxConvtCPA / Feed Only - Interests / (creative),Mixed,Rotate In Winner,0.0,2.408,229.33,,CREATIVE,"Winner asset; rotate into sibling group 'Feed Only - Interests'. Momentum: CTR -28%, CVR +100%.",Easy temperature control. Uses airflow. No water leakage. No chunky tubes. Don't miss out!,CAD,2025-07-02,2025-09-29
Group,US_PerformanceMax_TotalCoverage_MaxConvtCPA / Feed - Assets - Interests (BREEZE25) / (creative),Mixed,Rotate In Winner,0.0,2.408,229.33,,CREATIVE,"Winner asset; rotate into sibling group 'Feed - Assets - Interests (BREEZE25)'. Momentum: CTR -28%, CVR +100%.",Easy temperature control. Uses airflow. No water leakage. No chunky tubes. Don't miss out!,CAD,2025-07-02,2025-09-29
Group,US_PerformanceMax_TotalCoverage_MaxConvtCPA / Feed - Assets - Interests / (creative),Mixed,Rotate In Winner,0.0,2.408,229.33,,CREATIVE,"Winner asset; rotate into sibling group 'Feed - Assets - Interests'. Momentum: CTR -28%, CVR +100%.",Easy temperature control. Uses airflow. No water leakage. No chunky tubes. Don't miss out!,CAD,2025-07-02,2025-09-29
Group,US_PerformanceMax_TotalCoverage_MaxConvtCPA / Feed Only / (creative),Mixed,Rotate In Winner,0.0,0.0,799.66,,CREATIVE,"Winner asset; rotate into sibling group 'Feed Only'. Momentum: CTR +102%, CVR -100%.",Dual Zone Controls,CAD,2025-07-02,2025-09-29
Group,US_PerformanceMax_TotalCoverage_MaxConvtCPA / Feed Only - Interests / (creative),Mixed,Rotate In Winner,0.0,0.0,799.66,,CREATIVE,"Winner asset; rotate into sibling group 'Feed Only - Interests'. Momentum: CTR +102%, CVR -100%.",Dual Zone Controls,CAD,2025-07-02,2025-09-29
Group,US_PerformanceMax_TotalCoverage_MaxConvtCPA / Feed - Assets - Interests (BREEZE25) / (creative),Mixed,Rotate In Winner,0.0,0.0,799.66,,CREATIVE,"Winner asset; rotate into sibling group 'Feed - Assets - Interests (BREEZE25)'. Momentum: CTR +102%, CVR -100%.",Dual Zone Controls,CAD,2025-07-02,2025-09-29
Group,CA_PerformanceMax_TotalCoverage_MaxConvValue / Feed - Assets - Interests (BREEZE25) / (creative),Mixed,Rotate In Winner,0.0,2.042,1104.87,,CREATIVE,"Winner asset; rotate into sibling group 'Feed - Assets - Interests (BREEZE25)'. Momentum: CTR +24%, CVR -61%.",Perfectly Snug - Cooling Mattress Topper,CAD,2025-07-02,2025-09-29
Group,US_PerformanceMax_TotalCoverage_MaxConvtCPA / Feed Only / (creative),Mixed,Rotate In Winner,0.0,0.0,14.93,,CREATIVE,"Winner asset; rotate into sibling group 'Feed Only'. Momentum: CTR +100%, CVR +0%.",Optimize Your Sleep,CAD,2025-07-02,2025-09-29
Group,US_PerformanceMax_TotalCoverage_MaxConvtCPA / Feed Only - Interests / (creative),Mixed,Rotate In Winner,0.0,0.0,14.93,,CREATIVE,"Winner asset; rotate into sibling group 'Feed Only - Interests'. Momentum: CTR +100%, CVR +0%.",Optimize Your Sleep,CAD,2025-07-02,2025-09-29
Group,US_PerformanceMax_ExcludeAllBrands_MaxConvtCPA / Feed Only - Interests / (creative),Mixed,Rotate In Winner,0.0,0.0,9.62,,CREATIVE,"Winner asset; rotate into sibling group 'Feed Only - Interests'. Momentum: CTR +100%, CVR +0%.",Optimize Your Sleep,CAD,2025-07-02,2025-09-29
Group,US_PerformanceMax_ExcludeAllBrands_MaxConvtCPA / Feed Only - No Interests / (creative),Mixed,Rotate In Winner,0.0,0.0,9.62,,CREATIVE,"Winner asset; rotate into sibling group 'Feed Only - No Interests'. Momentum: CTR +100%, CVR +0%.",Optimize Your Sleep,CAD,2025-07-02,2025-09-29
Group,US_PerformanceMax_TotalCoverage_MaxConvtCPA / Feed Only / (creative),Mixed,Rotate In Winner,0.0,0.0,225.71,,CREATIVE,"Winner asset; rotate into sibling group 'Feed Only'. Momentum: CTR -77%, CVR -100%.",Greatly Improve Your Sleep Quality By Optimizing Your Sleep With Our Sleep Technology.,CAD,2025-07-02,2025-09-29
Group,US_PerformanceMax_TotalCoverage_MaxConvtCPA / Feed Only - Interests / (creative),Mixed,Rotate In Winner,0.0,0.0,225.71,,CREATIVE,"Winner asset; rotate into sibling group 'Feed Only - Interests'. Momentum: CTR -77%, CVR -100%.",Greatly Improve Your Sleep Quality By Optimizing Your Sleep With Our Sleep Technology.,CAD,2025-07-02,2025-09-29
Group,US_PerformanceMax_TotalCoverage_MaxConvtCPA / Feed - Assets - Interests (BREEZE25) / (creative),Mixed,Rotate In Winner,0.0,0.0,225.71,,CREATIVE,"Winner asset; rotate into sibling group 'Feed - Assets - Interests (BREEZE25)'. Momentum: CTR -77%, CVR -100%.",Greatly Improve Your Sleep Quality By Optimizing Your Sleep With Our Sleep Technology.,CAD,2025-07-02,2025-09-29
Group,US_PerformanceMax_ExcludeAllBrands_MaxConvtCPA / Feed Only - Interests / (creative),Mixed,Rotate In Winner,0.0,0.0,204.67,,CREATIVE,"Winner asset; rotate into sibling group 'Feed Only - Interests'. Momentum: CTR +48%, CVR -100%.",Greatly Improve Your Sleep Quality By Optimizing Your Sleep With Our Sleep Technology.,CAD,2025-07-02,2025-09-29
Group,US_PerformanceMax_ExcludeAllBrands_MaxConvtCPA / Feed Only - No Interests / (creative),Mixed,Rotate In Winner,0.0,0.0,204.67,,CREATIVE,"Winner asset; rotate into sibling group 'Feed Only - No Interests'. Momentum: CTR +48%, CVR -100%.",Greatly Improve Your Sleep Quality By Optimizing Your Sleep With Our Sleep Technology.,CAD,2025-07-02,2025-09-29
Group,US_PerformanceMax_ExcludeAllBrands_MaxConvtCPA / Feed - Assets - Interests (BREEZE25) / (creative),Mixed,Rotate In Winner,0.0,0.0,204.67,,CREATIVE,"Winner asset; rotate into sibling group 'Feed - Assets - Interests (BREEZE25)'. Momentum: CTR +48%, CVR -100%.",Greatly Improve Your Sleep Quality By Optimizing Your Sleep With Our Sleep Technology.,CAD,2025-07-02,2025-09-29
Group,CA_PerformanceMax_TotalCoverage_MaxConvValue / Feed Only - Interests / (creative),Mixed,Rotate In Winner,0.0,0.0,5.75,,CREATIVE,"Winner asset; rotate into sibling group 'Feed Only - Interests'. Momentum: CTR -66%, CVR -100%.",Greatly Improve Your Sleep Quality By Optimizing Your Sleep With Our Sleep Technology.,CAD,2025-07-02,2025-09-29
Group,CA_PerformanceMax_TotalCoverage_MaxConvValue / Feed Only / (creative),Mixed,Rotate In Winner,0.0,0.0,5.75,,CREATIVE,"Winner asset; rotate into sibling group 'Feed Only'. Momentum: CTR -66%, CVR -100%.",Greatly Improve Your Sleep Quality By Optimizing Your Sleep With Our Sleep Technology.,CAD,2025-07-02,2025-09-29
Group,CA_PerformanceMax_TotalCoverage_MaxConvValue / Feed - Assets - Interests (BREEZE25) / (creative),Mixed,Rotate In Winner,0.0,0.0,5.75,,CREATIVE,"Winner asset; rotate into sibling group 'Feed - Assets - Interests (BREEZE25)'. Momentum: CTR -66%, CVR -100%.",Greatly Improve Your Sleep Quality By Optimizing Your Sleep With Our Sleep Technology.,CAD,2025-07-02,2025-09-29
Group,US_PerformanceMax_TotalCoverage_MaxConvtCPA / Feed - Assets - Interests (BREEZE25) / (creative),Mixed,Rotate In Winner,0.0,5.01,543.15,,CREATIVE,"Winner asset; rotate into sibling group 'Feed - Assets - Interests (BREEZE25)'. Momentum: CTR -29%, CVR +105%.",The World's First Smart Topper That Adjusts Cooling & Heating While You Sleep,CAD,2025-07-02,2025-09-29
Group,US_PerformanceMax_TotalCoverage_MaxConvtCPA / Feed - Assets - Interests / (creative),Mixed,Rotate In Winner,0.0,5.01,543.15,,CREATIVE,"Winner asset; rotate into sibling group 'Feed - Assets - Interests'. Momentum: CTR -29%, CVR +105%.",The World's First Smart Topper That Adjusts Cooling & Heating While You Sleep,CAD,2025-07-02,2025-09-29
Group,US_PerformanceMax_TotalCoverage_MaxConvtCPA / Feed - Assets - Interests (BREEZE25) / (creative),Mixed,Rotate In Winner,0.0,0.76,434.46,,CREATIVE,"Winner asset; rotate into sibling group 'Feed - Assets - Interests (BREEZE25)'. Momentum: CTR +23%, CVR +100%.",Perfectly Snug Topper,CAD,2025-07-02,2025-09-29
Group,US_PerformanceMax_TotalCoverage_MaxConvtCPA / Feed Only / (creative),Mixed,Rotate In Winner,0.0,0.619,899.94,,CREATIVE,"Winner asset; rotate into sibling group 'Feed Only'. Momentum: CTR +90%, CVR -88%.",Set Your Temperature,CAD,2025-07-02,2025-09-29
Group,US_PerformanceMax_TotalCoverage_MaxConvtCPA / Feed Only - Interests / (creative),Mixed,Rotate In Winner,0.0,0.619,899.94,,CREATIVE,"Winner asset; rotate into sibling group 'Feed Only - Interests'. Momentum: CTR +90%, CVR -88%.",Set Your Temperature,CAD,2025-07-02,2025-09-29
Group,US_PerformanceMax_TotalCoverage_MaxConvtCPA / Feed - Assets - Interests (BREEZE25) / (creative),Mixed,Rotate In Winner,0.0,0.619,899.94,,CREATIVE,"Winner asset; rotate into sibling group 'Feed - Assets - Interests (BREEZE25)'. Momentum: CTR +90%, CVR -88%.",Set Your Temperature,CAD,2025-07-02,2025-09-29
Group,US_PerformanceMax_TotalCoverage_MaxConvtCPA / Feed Only / (creative),Mixed,Rotate In Winner,0.0,2.037,342.81,,CREATIVE,"Winner asset; rotate into sibling group 'Feed Only'. Momentum: CTR +44%, CVR -80%.",Try 30-Days Risk Free,CAD,2025-07-02,2025-09-29
Group,US_PerformanceMax_TotalCoverage_MaxConvtCPA / Feed Only - Interests / (creative),Mixed,Rotate In Winner,0.0,2.037,342.81,,CREATIVE,"Winner asset; rotate into sibling group 'Feed Only - Interests'. Momentum: CTR +44%, CVR -80%.",Try 30-Days Risk Free,CAD,2025-07-02,2025-09-29
Group,US_PerformanceMax_TotalCoverage_MaxConvtCPA / Feed Only / (creative),Mixed,Rotate In Winner,0.0,3.114,1434.69,,CREATIVE,"Winner asset; rotate into sibling group 'Feed Only'. Momentum: CTR +72%, CVR -76%.",Hot Flash Relief,CAD,2025-07-02,2025-09-29
Group,US_PerformanceMax_TotalCoverage_MaxConvtCPA / Feed Only - Interests / (creative),Mixed,Rotate In Winner,0.0,3.114,1434.69,,CREATIVE,"Winner asset; rotate into sibling group 'Feed Only - Interests'. Momentum: CTR +72%, CVR -76%.",Hot Flash Relief,CAD,2025-07-02,2025-09-29
Group,US_PerformanceMax_TotalCoverage_MaxConvtCPA / Feed - Assets - Interests (BREEZE25) / (creative),Mixed,Rotate In Winner,0.0,3.114,1434.69,,CREATIVE,"Winner asset; rotate into sibling group 'Feed - Assets - Interests (BREEZE25)'. Momentum: CTR +72%, CVR -76%.",Hot Flash Relief,CAD,2025-07-02,2025-09-29
Group,US_PerformanceMax_TotalCoverage_MaxConvtCPA / Feed Only / (creative),Mixed,Rotate In Winner,0.0,0.426,1308.6,,CREATIVE,"Winner asset; rotate into sibling group 'Feed Only'. Momentum: CTR +92%, CVR -90%.",Don't Argue Over Temperature,CAD,2025-07-02,2025-09-29
Group,US_PerformanceMax_TotalCoverage_MaxConvtCPA / Feed Only - Interests / (creative),Mixed,Rotate In Winner,0.0,0.426,1308.6,,CREATIVE,"Winner asset; rotate into sibling group 'Feed Only - Interests'. Momentum: CTR +92%, CVR -90%.",Don't Argue Over Temperature,CAD,2025-07-02,2025-09-29
Group,US_PerformanceMax_TotalCoverage_MaxConvtCPA / Feed - Assets - Interests (BREEZE25) / (creative),Mixed,Rotate In Winner,0.0,0.426,1308.6,,CREATIVE,"Winner asset; rotate into sibling group 'Feed - Assets - Interests (BREEZE25)'. Momentum: CTR +92%, CVR -90%.",Don't Argue Over Temperature,CAD,2025-07-02,2025-09-29
Group,CA_PerformanceMax_TotalCoverage_MaxConvValue / Feed Only - Interests / (creative),Mixed,Rotate In Winner,0.0,6.147,1184.67,,CREATIVE,"Winner asset; rotate into sibling group 'Feed Only - Interests'. Momentum: CTR +5%, CVR +100%.",Don't Argue Over Temperature,CAD,2025-07-02,2025-09-29
Group,CA_PerformanceMax_TotalCoverage_MaxConvValue / Feed Only / (creative),Mixed,Rotate In Winner,0.0,6.147,1184.67,,CREATIVE,"Winner asset; rotate into sibling group 'Feed Only'. Momentum: CTR +5%, CVR +100%.",Don't Argue Over Temperature,CAD,2025-07-02,2025-09-29
Group,CA_PerformanceMax_TotalCoverage_MaxConvValue / Feed - Assets - Interests (BREEZE25) / (creative),Mixed,Rotate In Winner,0.0,6.147,1184.67,,CREATIVE,"Winner asset; rotate into sibling group 'Feed - Assets - Interests (BREEZE25)'. Momentum: CTR +5%, CVR +100%.",Don't Argue Over Temperature,CAD,2025-07-02,2025-09-29
Group,US_PerformanceMax_TotalCoverage_MaxConvtCPA / Feed Only / (creative),Mixed,Rotate In Winner,0.0,4.399,1094.44,,CREATIVE,"Winner asset; rotate into sibling group 'Feed Only'. Momentum: CTR +40%, CVR -35%.",Works On Any Mattress,CAD,2025-07-02,2025-09-29
Group,US_PerformanceMax_TotalCoverage_MaxConvtCPA / Feed Only - Interests / (creative),Mixed,Rotate In Winner,0.0,4.399,1094.44,,CREATIVE,"Winner asset; rotate into sibling group 'Feed Only - Interests'. Momentum: CTR +40%, CVR -35%.",Works On Any Mattress,CAD,2025-07-02,2025-09-29
Group,US_PerformanceMax_TotalCoverage_MaxConvtCPA / Feed - Assets - Interests (BREEZE25) / (creative),Mixed,Rotate In Winner,0.0,4.399,1094.44,,CREATIVE,"Winner asset; rotate into sibling group 'Feed - Assets - Interests (BREEZE25)'. Momentum: CTR +40%, CVR -35%.",Works On Any Mattress,CAD,2025-07-02,2025-09-29
Group,US_PerformanceMax_ExcludeAllBrands_MaxConvtCPA / Feed Only - Interests / (creative),Mixed,Rotate In Winner,0.0,0.0,532.91,,CREATIVE,"Winner asset; rotate into sibling group 'Feed Only - Interests'. Momentum: CTR +25%, CVR +0%.",Works On Any Mattress,CAD,2025-07-02,2025-09-29
Group,US_PerformanceMax_ExcludeAllBrands_MaxConvtCPA / Feed Only - No Interests / (creative),Mixed,Rotate In Winner,0.0,0.0,532.91,,CREATIVE,"Winner asset; rotate into sibling group 'Feed Only - No Interests'. Momentum: CTR +25%, CVR +0%.",Works On Any Mattress,CAD,2025-07-02,2025-09-29
Group,US_PerformanceMax_ExcludeAllBrands_MaxConvtCPA / Feed - Assets - Interests (BREEZE25) / (creative),Mixed,Rotate In Winner,0.0,0.0,532.91,,CREATIVE,"Winner asset; rotate into sibling group 'Feed - Assets - Interests (BREEZE25)'. Momentum: CTR +25%, CVR +0%.",Works On Any Mattress,CAD,2025-07-02,2025-09-29
Group,CA_PerformanceMax_TotalCoverage_MaxConvValue / Feed Only - Interests / (creative),Mixed,Rotate In Winner,0.0,5.27,478.69,,CREATIVE,"Winner asset; rotate into sibling group 'Feed Only - Interests'. Momentum: CTR -9%, CVR +100%.",Works On Any Mattress,CAD,2025-07-02,2025-09-29
Group,CA_PerformanceMax_TotalCoverage_MaxConvValue / Feed Only / (creative),Mixed,Rotate In Winner,0.0,5.27,478.69,,CREATIVE,"Winner asset; rotate into sibling group 'Feed Only'. Momentum: CTR -9%, CVR +100%.",Works On Any Mattress,CAD,2025-07-02,2025-09-29
Group,CA_PerformanceMax_TotalCoverage_MaxConvValue / Feed - Assets - Interests (BREEZE25) / (creative),Mixed,Rotate In Winner,0.0,5.27,478.69,,CREATIVE,"Winner asset; rotate into sibling group 'Feed - Assets - Interests (BREEZE25)'. Momentum: CTR -9%, CVR +100%.",Works On Any Mattress,CAD,2025-07-02,2025-09-29
Group,US_PerformanceMax_TotalCoverage_MaxConvtCPA / Feed Only / (creative),Mixed,Rotate In Winner,0.0,13.975,447.27,,CREATIVE,"Winner asset; rotate into sibling group 'Feed Only'. Momentum: CTR +55%, CVR +103%.",No Subscription Needed,CAD,2025-07-02,2025-09-29
Group,US_PerformanceMax_TotalCoverage_MaxConvtCPA / Feed Only - Interests / (creative),Mixed,Rotate In Winner,0.0,13.975,447.27,,CREATIVE,"Winner asset; rotate into sibling group 'Feed Only - Interests'. Momentum: CTR +55%, CVR +103%.",No Subscription Needed,CAD,2025-07-02,2025-09-29
Group,US_PerformanceMax_TotalCoverage_MaxConvtCPA / Feed Only / (creative),Mixed,Rotate In Winner,0.0,0.0,227.4,,CREATIVE,"Winner asset; rotate into sibling group 'Feed Only'. Momentum: CTR -49%, CVR +0%.",Choose Perfectly Snug. No water leaks. No maintenance. No bulky equipment.,CAD,2025-07-02,2025-09-29
Group,US_PerformanceMax_TotalCoverage_MaxConvtCPA / Feed Only - Interests / (creative),Mixed,Rotate In Winner,0.0,0.0,227.4,,CREATIVE,"Winner asset; rotate into sibling group 'Feed Only - Interests'. Momentum: CTR -49%, CVR +0%.",Choose Perfectly Snug. No water leaks. No maintenance. No bulky equipment.,CAD,2025-07-02,2025-09-29
Group,CA_PerformanceMax_TotalCoverage_MaxConvValue / Feed Only - Interests / (creative),Mixed,Rotate In Winner,0.0,0.0,13.51,,CREATIVE,"Winner asset; rotate into sibling group 'Feed Only - Interests'. Momentum: CTR +100%, CVR +0%.",Choose Perfectly Snug. No water leaks. No maintenance. No bulky equipment.,CAD,2025-07-02,2025-09-29
Group,CA_PerformanceMax_TotalCoverage_MaxConvValue / Feed Only / (creative),Mixed,Rotate In Winner,0.0,0.0,13.51,,CREATIVE,"Winner asset; rotate into sibling group 'Feed Only'. Momentum: CTR +100%, CVR +0%.",Choose Perfectly Snug. No water leaks. No maintenance. No bulky equipment.,CAD,2025-07-02,2025-09-29
Group,CA_PerformanceMax_TotalCoverage_MaxConvValue / Feed - Assets - Interests (BREEZE25) / (creative),Mixed,Rotate In Winner,0.0,0.0,785.84,,CREATIVE,"Winner asset; rotate into sibling group 'Feed - Assets - Interests (BREEZE25)'. Momentum: CTR +33%, CVR +0%.",World's First Smart Topper,CAD,2025-07-02,2025-09-29
Group,CA_PerformanceMax_TotalCoverage_MaxConvValue / Feed - Assets - Interests / (creative),Mixed,Rotate In Winner,0.0,0.0,785.84,,CREATIVE,"Winner asset; rotate into sibling group 'Feed - Assets - Interests'. Momentum: CTR +33%, CVR +0%.",World's First Smart Topper,CAD,2025-07-02,2025-09-29
Group,US_PerformanceMax_TotalCoverage_MaxConvtCPA / Feed Only / (creative),Mixed,Rotate In Winner,0.0,0.0,53.94,,CREATIVE,"Winner asset; rotate into sibling group 'Feed Only'. Momentum: CTR +100%, CVR +0%.",Try risk free with our 30-night trial. Free shipping & returns. Learn more today.,CAD,2025-07-02,2025-09-29
Group,US_PerformanceMax_TotalCoverage_MaxConvtCPA / Feed Only - Interests / (creative),Mixed,Rotate In Winner,0.0,0.0,53.94,,CREATIVE,"Winner asset; rotate into sibling group 'Feed Only - Interests'. Momentum: CTR +100%, CVR +0%.",Try risk free with our 30-night trial. Free shipping & returns. Learn more today.,CAD,2025-07-02,2025-09-29
Group,US_PerformanceMax_ExcludeAllBrands_MaxConvtCPA / Feed Only - Interests / (creative),Mixed,Rotate In Winner,0.0,0.0,17.83,,CREATIVE,"Winner asset; rotate into sibling group 'Feed Only - Interests'. Momentum: CTR +100%, CVR +0%.",Try risk free with our 30-night trial. Free shipping & returns. Learn more today.,CAD,2025-07-02,2025-09-29
Group,US_PerformanceMax_ExcludeAllBrands_MaxConvtCPA / Feed Only - No Interests / (creative),Mixed,Rotate In Winner,0.0,0.0,17.83,,CREATIVE,"Winner asset; rotate into sibling group 'Feed Only - No Interests'. Momentum: CTR +100%, CVR +0%.",Try risk free with our 30-night trial. Free shipping & returns. Learn more today.,CAD,2025-07-02,2025-09-29
Group,CA_PerformanceMax_TotalCoverage_MaxConvValue / Feed - Assets - Interests (BREEZE25) / (creative),Mixed,Rotate In Winner,0.0,9.162,134.54,,CREATIVE,"Winner asset; rotate into sibling group 'Feed - Assets - Interests (BREEZE25)'. Momentum: CTR -24%, CVR +100%.",Get a sleep temperature just for you,CAD,2025-07-02,2025-09-29
Group,US_PerformanceMax_TotalCoverage_MaxConvtCPA / Feed Only / (creative),Mixed,Rotate In Winner,0.0,0.0,24.66,,CREATIVE,"Winner asset; rotate into sibling group 'Feed Only'. Momentum: CTR +100%, CVR +0%.","Better Sleep, Better Life. Shop The Smart Topper Today.",CAD,2025-07-02,2025-09-29
Group,US_PerformanceMax_TotalCoverage_MaxConvtCPA / Feed Only - Interests / (creative),Mixed,Rotate In Winner,0.0,0.0,24.66,,CREATIVE,"Winner asset; rotate into sibling group 'Feed Only - Interests'. Momentum: CTR +100%, CVR +0%.","Better Sleep, Better Life. Shop The Smart Topper Today.",CAD,2025-07-02,2025-09-29
Group,US_PerformanceMax_ExcludeAllBrands_MaxConvtCPA / Feed Only - Interests / (creative),Mixed,Rotate In Winner,0.0,0.0,12.31,,CREATIVE,"Winner asset; rotate into sibling group 'Feed Only - Interests'. Momentum: CTR +100%, CVR +0%.","Better Sleep, Better Life. Shop The Smart Topper Today.",CAD,2025-07-02,2025-09-29
Group,US_PerformanceMax_ExcludeAllBrands_MaxConvtCPA / Feed Only - No Interests / (creative),Mixed,Rotate In Winner,0.0,0.0,12.31,,CREATIVE,"Winner asset; rotate into sibling group 'Feed Only - No Interests'. Momentum: CTR +100%, CVR +0%.","Better Sleep, Better Life. Shop The Smart Topper Today.",CAD,2025-07-02,2025-09-29
Group,US_PerformanceMax_TotalCoverage_MaxConvtCPA / Feed Only / (creative),Mixed,Rotate In Winner,0.0,3.304,8169.09,,CREATIVE,"Winner asset; rotate into sibling group 'Feed Only'. Momentum: CTR -69%, CVR -50%.",Read our satisfied customer reviews. Join our family of well-rested customers. Shop today.,CAD,2025-07-02,2025-09-29
Group,US_PerformanceMax_TotalCoverage_MaxConvtCPA / Feed Only - Interests / (creative),Mixed,Rotate In Winner,0.0,3.304,8169.09,,CREATIVE,"Winner asset; rotate into sibling group 'Feed Only - Interests'. Momentum: CTR -69%, CVR -50%.",Read our satisfied customer reviews. Join our family of well-rested customers. Shop today.,CAD,2025-07-02,2025-09-29
Group,CA_PerformanceMax_TotalCoverage_MaxConvValue / Feed Only - Interests / (creative),Mixed,Rotate In Winner,0.0,4.992,7030.15,,CREATIVE,"Winner asset; rotate into sibling group 'Feed Only - Interests'. Momentum: CTR -44%, CVR -56%.",Read our satisfied customer reviews. Join our family of well-rested customers. Shop today.,CAD,2025-07-02,2025-09-29
Group,CA_PerformanceMax_TotalCoverage_MaxConvValue / Feed Only / (creative),Mixed,Rotate In Winner,0.0,4.992,7030.15,,CREATIVE,"Winner asset; rotate into sibling group 'Feed Only'. Momentum: CTR -44%, CVR -56%.",Read our satisfied customer reviews. Join our family of well-rested customers. Shop today.,CAD,2025-07-02,2025-09-29
Group,US_PerformanceMax_ExcludeAllBrands_MaxConvtCPA / Feed Only - Interests / (creative),Mixed,Rotate In Winner,0.0,0.0,24.01,,CREATIVE,"Winner asset; rotate into sibling group 'Feed Only - Interests'. Momentum: CTR +100%, CVR +0%.",Read our satisfied customer reviews. Join our family of well-rested customers. Shop today.,CAD,2025-07-02,2025-09-29
Group,US_PerformanceMax_ExcludeAllBrands_MaxConvtCPA / Feed Only - No Interests / (creative),Mixed,Rotate In Winner,0.0,0.0,24.01,,CREATIVE,"Winner asset; rotate into sibling group 'Feed Only - No Interests'. Momentum: CTR +100%, CVR +0%.",Read our satisfied customer reviews. Join our family of well-rested customers. Shop today.,CAD,2025-07-02,2025-09-29
Group,US_PerformanceMax_TotalCoverage_MaxConvtCPA / Feed Only / (creative),Mixed,Rotate In Winner,0.0,0.0,698.09,,CREATIVE,"Winner asset; rotate into sibling group 'Feed Only'. Momentum: CTR -82%, CVR -100%.",Sleeping Cool Is Sleep Success. Don't Suffer From Hot Nights Ever Again.,CAD,2025-07-02,2025-09-29
Group,US_PerformanceMax_TotalCoverage_MaxConvtCPA / Feed Only - Interests / (creative),Mixed,Rotate In Winner,0.0,0.0,698.09,,CREATIVE,"Winner asset; rotate into sibling group 'Feed Only - Interests'. Momentum: CTR -82%, CVR -100%.",Sleeping Cool Is Sleep Success. Don't Suffer From Hot Nights Ever Again.,CAD,2025-07-02,2025-09-29
Group,US_PerformanceMax_ExcludeAllBrands_MaxConvtCPA / Feed Only - Interests / (creative),Mixed,Rotate In Winner,0.0,0.0,496.87,,CREATIVE,"Winner asset; rotate into sibling group 'Feed Only - Interests'. Momentum: CTR -4%, CVR +0%.",Sleeping Cool Is Sleep Success. Don't Suffer From Hot Nights Ever Again.,CAD,2025-07-02,2025-09-29
Group,US_PerformanceMax_ExcludeAllBrands_MaxConvtCPA / Feed Only - No Interests / (creative),Mixed,Rotate In Winner,0.0,0.0,496.87,,CREATIVE,"Winner asset; rotate into sibling group 'Feed Only - No Interests'. Momentum: CTR -4%, CVR +0%.",Sleeping Cool Is Sleep Success. Don't Suffer From Hot Nights Ever Again.,CAD,2025-07-02,2025-09-29
Group,CA_PerformanceMax_TotalCoverage_MaxConvValue / Feed Only - Interests / (creative),Mixed,Rotate In Winner,0.0,0.0,5.17,,CREATIVE,"Winner asset; rotate into sibling group 'Feed Only - Interests'. Momentum: CTR -86%, CVR -100%.",Sleeping Cool Is Sleep Success. Don't Suffer From Hot Nights Ever Again.,CAD,2025-07-02,2025-09-29
Group,CA_PerformanceMax_TotalCoverage_MaxConvValue / Feed Only / (creative),Mixed,Rotate In Winner,0.0,0.0,5.17,,CREATIVE,"Winner asset; rotate into sibling group 'Feed Only'. Momentum: CTR -86%, CVR -100%.",Sleeping Cool Is Sleep Success. Don't Suffer From Hot Nights Ever Again.,CAD,2025-07-02,2025-09-29
Group,US_PerformanceMax_TotalCoverage_MaxConvtCPA / Feed Only / (creative),Mixed,Rotate In Winner,0.0,0.0,196.14,,CREATIVE,"Winner asset; rotate into sibling group 'Feed Only'. Momentum: CTR -47%, CVR +0%.",The Smart Topper: The Coolest Way to Get a Good Night's Sleep,CAD,2025-07-02,2025-09-29
Group,US_PerformanceMax_TotalCoverage_MaxConvtCPA / Feed Only - Interests / (creative),Mixed,Rotate In Winner,0.0,0.0,196.14,,CREATIVE,"Winner asset; rotate into sibling group 'Feed Only - Interests'. Momentum: CTR -47%, CVR +0%.",The Smart Topper: The Coolest Way to Get a Good Night's Sleep,CAD,2025-07-02,2025-09-29
Group,US_PerformanceMax_ExcludeAllBrands_MaxConvtCPA / Feed Only - Interests / (creative),Mixed,Rotate In Winner,0.0,0.0,157.13,,CREATIVE,"Winner asset; rotate into sibling group 'Feed Only - Interests'. Momentum: CTR -62%, CVR +0%.",The Smart Topper: The Coolest Way to Get a Good Night's Sleep,CAD,2025-07-02,2025-09-29
Group,US_PerformanceMax_ExcludeAllBrands_MaxConvtCPA / Feed Only - No Interests / (creative),Mixed,Rotate In Winner,0.0,0.0,157.13,,CREATIVE,"Winner asset; rotate into sibling group 'Feed Only - No Interests'. Momentum: CTR -62%, CVR +0%.",The Smart Topper: The Coolest Way to Get a Good Night's Sleep,CAD,2025-07-02,2025-09-29
Group,CA_PerformanceMax_TotalCoverage_MaxConvValue / Feed Only - Interests / (creative),Mixed,Rotate In Winner,0.0,0.0,6.41,,CREATIVE,"Winner asset; rotate into sibling group 'Feed Only - Interests'. Momentum: CTR +100%, CVR +0%.",The Smart Topper: The Coolest Way to Get a Good Night's Sleep,CAD,2025-07-02,2025-09-29
Group,CA_PerformanceMax_TotalCoverage_MaxConvValue / Feed Only / (creative),Mixed,Rotate In Winner,0.0,0.0,6.41,,CREATIVE,"Winner asset; rotate into sibling group 'Feed Only'. Momentum: CTR +100%, CVR +0%.",The Smart Topper: The Coolest Way to Get a Good Night's Sleep,CAD,2025-07-02,2025-09-29
Group,CA_PerformanceMax_TotalCoverage_MaxConvValue / Feed Only - Interests / (creative),Mixed,Rotate In Winner,0.0,0.0,9.7,,CREATIVE,"Winner asset; rotate into sibling group 'Feed Only - Interests'. Momentum: CTR +100%, CVR +0%.",Breeze through hot nights with smart cooling comfort. Save up to $250 with Code: BREEZE25,CAD,2025-07-02,2025-09-29
Group,CA_PerformanceMax_TotalCoverage_MaxConvValue / Feed Only / (creative),Mixed,Rotate In Winner,0.0,0.0,9.7,,CREATIVE,"Winner asset; rotate into sibling group 'Feed Only'. Momentum: CTR +100%, CVR +0%.",Breeze through hot nights with smart cooling comfort. Save up to $250 with Code: BREEZE25,CAD,2025-07-02,2025-09-29
Group,CA_PerformanceMax_TotalCoverage_MaxConvValue / Feed - Assets - Interests / (creative),Mixed,Rotate In Winner,0.0,0.0,9.7,,CREATIVE,"Winner asset; rotate into sibling group 'Feed - Assets - Interests'. Momentum: CTR +100%, CVR +0%.",Breeze through hot nights with smart cooling comfort. Save up to $250 with Code: BREEZE25,CAD,2025-07-02,2025-09-29
Group,US_PerformanceMax_TotalCoverage_MaxConvtCPA / Feed Only / (creative),Mixed,Rotate In Winner,0.0,0.0,5.89,,CREATIVE,"Winner asset; rotate into sibling group 'Feed Only'. Momentum: CTR +100%, CVR +0%.",Breeze through hot nights with smart cooling comfort. Save up to $250 with Code: BREEZE25,CAD,2025-07-02,2025-09-29
Group,US_PerformanceMax_TotalCoverage_MaxConvtCPA / Feed Only - Interests / (creative),Mixed,Rotate In Winner,0.0,0.0,5.89,,CREATIVE,"Winner asset; rotate into sibling group 'Feed Only - Interests'. Momentum: CTR +100%, CVR +0%.",Breeze through hot nights with smart cooling comfort. Save up to $250 with Code: BREEZE25,CAD,2025-07-02,2025-09-29
Group,US_PerformanceMax_TotalCoverage_MaxConvtCPA / Feed - Assets - Interests / (creative),Mixed,Rotate In Winner,0.0,0.0,5.89,,CREATIVE,"Winner asset; rotate into sibling group 'Feed - Assets - Interests'. Momentum: CTR +100%, CVR +0%.",Breeze through hot nights with smart cooling comfort. Save up to $250 with Code: BREEZE25,CAD,2025-07-02,2025-09-29
Group,US_PerformanceMax_ExcludeAllBrands_MaxConvtCPA / Feed Only - Interests / (creative),Mixed,Rotate In Winner,0.0,0.0,2.6,,CREATIVE,"Winner asset; rotate into sibling group 'Feed Only - Interests'. Momentum: CTR +0%, CVR +0%.",Breeze through hot nights with smart cooling comfort. Save up to $250 with Code: BREEZE25,CAD,2025-07-02,2025-09-29
Group,US_PerformanceMax_ExcludeAllBrands_MaxConvtCPA / Feed Only - No Interests / (creative),Mixed,Rotate In Winner,0.0,0.0,2.6,,CREATIVE,"Winner asset; rotate into sibling group 'Feed Only - No Interests'. Momentum: CTR +0%, CVR +0%.",Breeze through hot nights with smart cooling comfort. Save up to $250 with Code: BREEZE25,CAD,2025-07-02,2025-09-29
Group,US_PerformanceMax_ExcludeAllBrands_MaxConvtCPA / Feed - Assets - Interests / (creative),Mixed,Rotate In Winner,0.0,0.0,2.6,,CREATIVE,"Winner asset; rotate into sibling group 'Feed - Assets - Interests'. Momentum: CTR +0%, CVR +0%.",Breeze through hot nights with smart cooling comfort. Save up to $250 with Code: BREEZE25,CAD,2025-07-02,2025-09-29
